Date,Price,Action,Position,Current Capital
2018-01-02,8.22,,0.0,100000.0
2018-01-03,8.24,,0.0,100000.0
2018-01-04,8.18,,0.0,100000.0
2018-01-05,8.19,,0.0,100000.0
2018-01-08,8.07,,0.0,100000.0
2018-01-09,8.19,,0.0,100000.0
2018-01-10,8.28,,0.0,100000.0
2018-01-11,8.21,,0.0,100000.0
2018-01-12,8.26,,0.0,100000.0
2018-01-15,8.2,,0.0,100000.0
2018-01-16,8.45,,0.0,100000.0
2018-01-17,8.58,,0.0,100000.0
2018-01-18,8.89,,0.0,100000.0
2018-01-19,9.25,,0.0,100000.0
2018-01-22,9.31,,0.0,100000.0
2018-01-23,9.57,,0.0,100000.0
2018-01-24,10.02,,0.0,100000.0
2018-01-25,9.82,,0.0,100000.0
2018-01-26,9.67,,0.0,100000.0
2018-01-29,9.58,,0.0,100000.0
2018-01-30,9.46,,0.0,100000.0
2018-01-31,9.85,,0.0,100000.0
2018-02-01,9.85,,0.0,100000.0
2018-02-02,9.53,,0.0,100000.0
2018-02-05,9.63,,0.0,100000.0
2018-02-06,9.36,,0.0,100000.0
2018-02-07,9.56,,0.0,100000.0
2018-02-08,9.69,,0.0,100000.0
2018-02-09,9.79,,0.0,100000.0
2018-02-12,10.05,,0.0,100000.0
2018-02-13,10.52,,0.0,100000.0
2018-02-14,10.22,,0.0,100000.0
2018-02-15,10.16,,0.0,100000.0
2018-02-16,10.13,,0.0,100000.0
2018-02-19,10.5,,0.0,100000.0
2018-02-20,10.34,,0.0,100000.0
2018-02-21,10.18,,0.0,100000.0
2018-02-22,10.34,,0.0,100000.0
2018-02-23,10.43,,0.0,100000.0
2018-02-26,10.25,,0.0,100000.0
2018-02-27,10.77,,0.0,100000.0
2018-02-28,10.73,,0.0,100000.0
2018-03-01,10.62,,0.0,100000.0
2018-03-02,10.77,,0.0,100000.0
2018-03-05,10.99,,0.0,100000.0
2018-03-06,11.1,,0.0,100000.0
2018-03-07,11.27,,0.0,100000.0
2018-03-08,11.75,,0.0,100000.0
2018-03-09,11.79,,0.0,100000.0
2018-03-12,11.76,BUY,8503.0,4.720000000001164
2018-03-13,12.11,,8503.0,4.720000000001164
2018-03-14,11.79,,8503.0,4.720000000001164
2018-03-15,11.74,,8503.0,4.720000000001164
2018-03-16,11.73,,8503.0,4.720000000001164
2018-03-19,11.62,,8503.0,4.720000000001164
2018-03-20,12.11,,8503.0,4.720000000001164
2018-03-21,13.27,,8503.0,4.720000000001164
2018-03-22,12.96,,8503.0,4.720000000001164
2018-03-23,13.23,,8503.0,4.720000000001164
2018-03-26,13.61,,8503.0,4.720000000001164
2018-03-27,14.38,,8503.0,4.720000000001164
2018-03-28,13.75,,8503.0,4.720000000001164
2018-03-29,14.04,,8503.0,4.720000000001164
2018-04-03,14.06,,8503.0,4.720000000001164
2018-04-04,13.83,,8503.0,4.720000000001164
2018-04-05,13.41,,8503.0,4.720000000001164
2018-04-06,13.76,,8503.0,4.720000000001164
2018-04-09,14.11,,8503.0,4.720000000001164
2018-04-10,14.16,,8503.0,4.720000000001164
2018-04-11,14.24,,8503.0,4.720000000001164
2018-04-12,14.44,,8503.0,4.720000000001164
2018-04-13,14.84,,8503.0,4.720000000001164
2018-04-16,14.92,,8503.0,4.720000000001164
2018-04-17,14.68,,8503.0,4.720000000001164
2018-04-18,14.84,,8503.0,4.720000000001164
2018-04-19,14.42,,8503.0,4.720000000001164
2018-04-20,14.02,,8503.0,4.720000000001164
2018-04-23,13.87,,8503.0,4.720000000001164
2018-04-24,14.22,,8503.0,4.720000000001164
2018-04-25,14.26,,8503.0,4.720000000001164
2018-04-26,14.51,,8503.0,4.720000000001164
2018-04-27,14.58,,8503.0,4.720000000001164
2018-04-30,14.6,,8503.0,4.720000000001164
2018-05-01,14.41,,8503.0,4.720000000001164
2018-05-02,14.08,,8503.0,4.720000000001164
2018-05-03,13.98,,8503.0,4.720000000001164
2018-05-04,14.04,,8503.0,4.720000000001164
2018-05-07,14.65,,8503.0,4.720000000001164
2018-05-08,14.63,,8503.0,4.720000000001164
2018-05-09,15.05,,8503.0,4.720000000001164
2018-05-10,15.66,,8503.0,4.720000000001164
2018-05-11,15.68,,8503.0,4.720000000001164
2018-05-14,15.7,,8503.0,4.720000000001164
2018-05-15,15.38,,8503.0,4.720000000001164
2018-05-16,16.25,,8503.0,4.720000000001164
2018-05-17,16.39,,8503.0,4.720000000001164
2018-05-18,16.38,,8503.0,4.720000000001164
2018-05-21,16.68,,8503.0,4.720000000001164
2018-05-22,17.08,,8503.0,4.720000000001164
2018-05-23,17.15,,8503.0,4.720000000001164
2018-05-24,17.45,,8503.0,4.720000000001164
2018-05-25,17.17,,8503.0,4.720000000001164
2018-05-28,17.47,,8503.0,4.720000000001164
2018-05-29,17.47,,8503.0,4.720000000001164
2018-05-30,17.02,,8503.0,4.720000000001164
2018-05-31,16.16,,8503.0,4.720000000001164
2018-06-01,16.55,,8503.0,4.720000000001164
2018-06-04,17.42,,8503.0,4.720000000001164
2018-06-05,17.11,,8503.0,4.720000000001164
2018-06-06,17.31,,8503.0,4.720000000001164
2018-06-07,17.37,,8503.0,4.720000000001164
2018-06-08,17.2,,8503.0,4.720000000001164
2018-06-11,16.96,,8503.0,4.720000000001164
2018-06-12,16.61,,8503.0,4.720000000001164
2018-06-13,16.77,,8503.0,4.720000000001164
2018-06-14,16.34,,8503.0,4.720000000001164
2018-06-15,15.98,,8503.0,4.720000000001164
2018-06-18,16.05,,8503.0,4.720000000001164
2018-06-19,15.69,,8503.0,4.720000000001164
2018-06-20,15.98,,8503.0,4.720000000001164
2018-06-21,16.31,,8503.0,4.720000000001164
2018-06-22,16.61,,8503.0,4.720000000001164
2018-06-25,16.54,,8503.0,4.720000000001164
2018-06-26,16.55,,8503.0,4.720000000001164
2018-06-27,16.78,,8503.0,4.720000000001164
2018-06-28,16.52,,8503.0,4.720000000001164
2018-06-29,16.51,,8503.0,4.720000000001164
2018-07-02,16.62,,8503.0,4.720000000001164
2018-07-03,16.65,,8503.0,4.720000000001164
2018-07-04,17.07,,8503.0,4.720000000001164
2018-07-05,17.25,,8503.0,4.720000000001164
2018-07-06,17.28,,8503.0,4.720000000001164
2018-07-09,17.58,,8503.0,4.720000000001164
2018-07-10,17.67,,8503.0,4.720000000001164
2018-07-11,17.95,,8503.0,4.720000000001164
2018-07-12,17.72,,8503.0,4.720000000001164
2018-07-13,17.69,,8503.0,4.720000000001164
2018-07-16,17.59,,8503.0,4.720000000001164
2018-07-17,17.74,,8503.0,4.720000000001164
2018-07-18,18.11,,8503.0,4.720000000001164
2018-07-19,18.56,,8503.0,4.720000000001164
2018-07-20,18.77,,8503.0,4.720000000001164
2018-07-23,19.09,,8503.0,4.720000000001164
2018-07-24,19.01,,8503.0,4.720000000001164
2018-07-25,19.28,,8503.0,4.720000000001164
2018-07-26,19.23,,8503.0,4.720000000001164
2018-07-27,19.09,,8503.0,4.720000000001164
2018-07-30,18.99,,8503.0,4.720000000001164
2018-07-31,19.34,,8503.0,4.720000000001164
2018-08-01,19.69,,8503.0,4.720000000001164
2018-08-02,19.53,,8503.0,4.720000000001164
2018-08-03,19.53,,8503.0,4.720000000001164
2018-08-06,19.42,,8503.0,4.720000000001164
2018-08-07,19.36,,8503.0,4.720000000001164
2018-08-08,19.22,,8503.0,4.720000000001164
2018-08-09,19.42,,8503.0,4.720000000001164
2018-08-10,19.73,,8503.0,4.720000000001164
2018-08-13,19.9,,8503.0,4.720000000001164
2018-08-14,20.0,,8503.0,4.720000000001164
2018-08-15,19.95,,8503.0,4.720000000001164
2018-08-16,19.86,,8503.0,4.720000000001164
2018-08-17,20.04,,8503.0,4.720000000001164
2018-08-20,20.44,,8503.0,4.720000000001164
2018-08-21,21.31,,8503.0,4.720000000001164
2018-08-22,21.82,,8503.0,4.720000000001164
2018-08-23,22.47,,8503.0,4.720000000001164
2018-08-24,22.83,,8503.0,4.720000000001164
2018-08-27,23.45,,8503.0,4.720000000001164
2018-08-28,22.86,,8503.0,4.720000000001164
2018-08-29,23.19,,8503.0,4.720000000001164
2018-08-30,23.29,,8503.0,4.720000000001164
2018-08-31,23.2,,8503.0,4.720000000001164
2018-09-03,22.28,,8503.0,4.720000000001164
2018-09-04,22.25,,8503.0,4.720000000001164
2018-09-05,22.44,,8503.0,4.720000000001164
2018-09-06,23.57,,8503.0,4.720000000001164
2018-09-07,25.33,,8503.0,4.720000000001164
2018-09-10,27.42,,8503.0,4.720000000001164
2018-09-11,26.66,,8503.0,4.720000000001164
2018-09-12,25.37,,8503.0,4.720000000001164
2018-09-13,21.29,,8503.0,4.720000000001164
2018-09-14,22.42,,8503.0,4.720000000001164
2018-09-17,23.46,,8503.0,4.720000000001164
2018-09-18,22.83,,8503.0,4.720000000001164
2018-09-19,24.09,,8503.0,4.720000000001164
2018-09-20,24.72,,8503.0,4.720000000001164
2018-09-21,24.88,,8503.0,4.720000000001164
2018-09-24,25.29,,8503.0,4.720000000001164
2018-09-25,24.27,,8503.0,4.720000000001164
2018-09-26,23.42,,8503.0,4.720000000001164
2018-09-27,24.0,,8503.0,4.720000000001164
2018-09-28,24.63,,8503.0,4.720000000001164
2018-10-01,24.96,,8503.0,4.720000000001164
2018-10-02,24.76,,8503.0,4.720000000001164
2018-10-03,24.96,,8503.0,4.720000000001164
2018-10-04,25.18,,8503.0,4.720000000001164
2018-10-05,26.1,,8503.0,4.720000000001164
2018-10-08,26.48,,8503.0,4.720000000001164
2018-10-09,25.33,,8503.0,4.720000000001164
2018-10-10,23.65,,8503.0,4.720000000001164
2018-10-11,23.88,,8503.0,4.720000000001164
2018-10-12,24.21,,8503.0,4.720000000001164
2018-10-15,22.09,,8503.0,4.720000000001164
2018-10-16,22.53,,8503.0,4.720000000001164
2018-10-17,22.27,,8503.0,4.720000000001164
2018-10-18,22.62,,8503.0,4.720000000001164
2018-10-19,22.64,,8503.0,4.720000000001164
2018-10-22,21.92,,8503.0,4.720000000001164
2018-10-23,21.8,,8503.0,4.720000000001164
2018-10-24,21.9,,8503.0,4.720000000001164
2018-10-25,21.41,,8503.0,4.720000000001164
2018-10-26,20.59,SELL,0.0,175081.49
2018-10-29,18.91,,0.0,175081.49
2018-10-30,18.13,,0.0,175081.49
2018-10-31,18.49,,0.0,175081.49
2018-11-01,17.62,,0.0,175081.49
2018-11-02,19.18,,0.0,175081.49
2018-11-05,19.31,,0.0,175081.49
2018-11-06,19.69,,0.0,175081.49
2018-11-07,20.77,,0.0,175081.49
2018-11-08,21.75,,0.0,175081.49
2018-11-09,21.65,,0.0,175081.49
2018-11-12,22.7,,0.0,175081.49
2018-11-13,22.26,,0.0,175081.49
2018-11-14,21.78,,0.0,175081.49
2018-11-15,21.13,,0.0,175081.49
2018-11-16,21.31,,0.0,175081.49
2018-11-19,21.08,,0.0,175081.49
2018-11-20,21.62,,0.0,175081.49
2018-11-21,22.69,,0.0,175081.49
2018-11-22,23.14,,0.0,175081.49
2018-11-23,22.4,,0.0,175081.49
2018-11-26,22.02,,0.0,175081.49
2018-11-27,21.82,,0.0,175081.49
2018-11-28,21.5,,0.0,175081.49
2018-11-29,22.23,,0.0,175081.49
2018-11-30,22.7,,0.0,175081.49
2018-12-03,22.85,,0.0,175081.49
2018-12-04,22.99,,0.0,175081.49
2018-12-05,22.03,,0.0,175081.49
2018-12-06,22.36,,0.0,175081.49
2018-12-07,22.6,BUY,7746.0,21.889999999984866
2018-12-10,23.22,,7746.0,21.889999999984866
2018-12-11,22.52,,7746.0,21.889999999984866
2018-12-12,23.81,,7746.0,21.889999999984866
2018-12-13,24.65,,7746.0,21.889999999984866
2018-12-14,25.76,,7746.0,21.889999999984866
2018-12-17,26.69,,7746.0,21.889999999984866
2018-12-18,26.42,,7746.0,21.889999999984866
2018-12-19,26.67,,7746.0,21.889999999984866
2018-12-20,26.53,,7746.0,21.889999999984866
2018-12-21,26.97,,7746.0,21.889999999984866
2018-12-24,27.25,,7746.0,21.889999999984866
2018-12-27,27.08,,7746.0,21.889999999984866
2018-12-28,27.02,,7746.0,21.889999999984866
2018-12-31,27.06,,7746.0,21.889999999984866
2019-01-02,27.37,,7746.0,21.889999999984866
2019-01-03,25.28,,7746.0,21.889999999984866
2019-01-04,25.66,,7746.0,21.889999999984866
2019-01-07,24.22,,7746.0,21.889999999984866
2019-01-08,24.78,,7746.0,21.889999999984866
2019-01-09,23.93,,7746.0,21.889999999984866
2019-01-10,23.96,,7746.0,21.889999999984866
2019-01-11,24.52,,7746.0,21.889999999984866
2019-01-14,24.33,,7746.0,21.889999999984866
2019-01-15,24.4,,7746.0,21.889999999984866
2019-01-16,25.18,,7746.0,21.889999999984866
2019-01-17,25.39,,7746.0,21.889999999984866
2019-01-18,26.63,,7746.0,21.889999999984866
2019-01-21,26.25,,7746.0,21.889999999984866
2019-01-22,26.94,,7746.0,21.889999999984866
2019-01-23,26.47,,7746.0,21.889999999984866
2019-01-24,25.85,,7746.0,21.889999999984866
2019-01-25,25.68,,7746.0,21.889999999984866
2019-01-28,24.5,,7746.0,21.889999999984866
2019-01-29,25.08,,7746.0,21.889999999984866
2019-01-30,24.72,,7746.0,21.889999999984866
2019-01-31,23.9,,7746.0,21.889999999984866
2019-02-01,23.55,,7746.0,21.889999999984866
2019-02-04,24.63,,7746.0,21.889999999984866
2019-02-05,24.74,,7746.0,21.889999999984866
2019-02-06,25.24,,7746.0,21.889999999984866
2019-02-07,25.02,,7746.0,21.889999999984866
2019-02-08,23.91,,7746.0,21.889999999984866
2019-02-11,23.97,,7746.0,21.889999999984866
2019-02-12,22.25,,7746.0,21.889999999984866
2019-02-13,22.51,SELL,0.0,174384.35
2019-02-14,21.37,,0.0,174384.35
2019-02-15,22.04,,0.0,174384.35
2019-02-18,21.6,,0.0,174384.35
2019-02-19,21.81,,0.0,174384.35
2019-02-20,22.04,,0.0,174384.35
2019-02-21,20.32,,0.0,174384.35
2019-02-22,20.43,,0.0,174384.35
2019-02-25,20.65,,0.0,174384.35
2019-02-26,21.08,,0.0,174384.35
2019-02-27,22.7,,0.0,174384.35
2019-02-28,23.13,,0.0,174384.35
2019-03-01,23.73,,0.0,174384.35
2019-03-04,24.6,,0.0,174384.35
2019-03-05,24.42,,0.0,174384.35
2019-03-06,23.6,,0.0,174384.35
2019-03-07,24.76,,0.0,174384.35
2019-03-08,24.52,,0.0,174384.35
2019-03-11,23.78,,0.0,174384.35
2019-03-12,23.8,,0.0,174384.35
2019-03-13,23.72,,0.0,174384.35
2019-03-14,24.2,,0.0,174384.35
2019-03-15,23.92,,0.0,174384.35
2019-03-18,23.22,,0.0,174384.35
2019-03-19,22.53,,0.0,174384.35
2019-03-20,23.02,,0.0,174384.35
2019-03-21,22.28,,0.0,174384.35
2019-03-22,21.99,,0.0,174384.35
2019-03-25,22.23,,0.0,174384.35
2019-03-26,22.84,,0.0,174384.35
2019-03-27,23.15,,0.0,174384.35
2019-03-28,23.55,,0.0,174384.35
2019-03-29,22.82,,0.0,174384.35
2019-04-01,23.16,,0.0,174384.35
2019-04-02,23.25,,0.0,174384.35
2019-04-03,24.45,BUY,7132.0,6.9500000000116415
2019-04-04,25.72,,7132.0,6.9500000000116415
2019-04-05,25.9,,7132.0,6.9500000000116415
2019-04-08,25.58,,7132.0,6.9500000000116415
2019-04-09,26.84,,7132.0,6.9500000000116415
2019-04-10,27.41,,7132.0,6.9500000000116415
2019-04-11,28.58,,7132.0,6.9500000000116415
2019-04-12,27.82,,7132.0,6.9500000000116415
2019-04-15,28.05,,7132.0,6.9500000000116415
2019-04-16,28.25,,7132.0,6.9500000000116415
2019-04-17,28.71,,7132.0,6.9500000000116415
2019-04-18,28.14,,7132.0,6.9500000000116415
2019-04-23,28.8,,7132.0,6.9500000000116415
2019-04-24,28.66,,7132.0,6.9500000000116415
2019-04-25,28.54,,7132.0,6.9500000000116415
2019-04-26,27.09,,7132.0,6.9500000000116415
2019-04-29,27.55,,7132.0,6.9500000000116415
2019-04-30,27.43,,7132.0,6.9500000000116415
2019-05-01,26.89,,7132.0,6.9500000000116415
2019-05-02,25.79,,7132.0,6.9500000000116415
2019-05-03,26.29,,7132.0,6.9500000000116415
2019-05-06,26.42,,7132.0,6.9500000000116415
2019-05-07,27.47,,7132.0,6.9500000000116415
2019-05-08,27.99,,7132.0,6.9500000000116415
2019-05-09,27.57,,7132.0,6.9500000000116415
2019-05-10,26.62,,7132.0,6.9500000000116415
2019-05-13,26.03,,7132.0,6.9500000000116415
2019-05-14,26.87,,7132.0,6.9500000000116415
2019-05-15,26.96,,7132.0,6.9500000000116415
2019-05-16,26.56,,7132.0,6.9500000000116415
2019-05-17,25.96,,7132.0,6.9500000000116415
2019-05-20,26.16,,7132.0,6.9500000000116415
2019-05-21,26.35,,7132.0,6.9500000000116415
2019-05-22,27.34,,7132.0,6.9500000000116415
2019-05-23,27.03,,7132.0,6.9500000000116415
2019-05-24,26.44,,7132.0,6.9500000000116415
2019-05-27,26.61,,7132.0,6.9500000000116415
2019-05-28,26.46,,7132.0,6.9500000000116415
2019-05-29,26.51,,7132.0,6.9500000000116415
2019-05-30,26.28,,7132.0,6.9500000000116415
2019-05-31,25.45,,7132.0,6.9500000000116415
2019-06-03,24.74,,7132.0,6.9500000000116415
2019-06-04,25.58,,7132.0,6.9500000000116415
2019-06-05,25.28,SELL,0.0,180303.91000000003
2019-06-06,25.09,,0.0,180303.91000000003
2019-06-07,25.66,,0.0,180303.91000000003
2019-06-10,26.36,,0.0,180303.91000000003
2019-06-11,26.11,,0.0,180303.91000000003
2019-06-12,25.92,,0.0,180303.91000000003
2019-06-13,26.05,,0.0,180303.91000000003
2019-06-14,26.15,,0.0,180303.91000000003
2019-06-17,26.12,,0.0,180303.91000000003
2019-06-18,26.22,,0.0,180303.91000000003
2019-06-19,26.07,,0.0,180303.91000000003
2019-06-20,26.2,,0.0,180303.91000000003
2019-06-21,26.42,,0.0,180303.91000000003
2019-06-24,27.53,,0.0,180303.91000000003
2019-06-25,27.64,,0.0,180303.91000000003
2019-06-26,28.65,,0.0,180303.91000000003
2019-06-27,28.15,,0.0,180303.91000000003
2019-06-28,27.5,,0.0,180303.91000000003
2019-07-01,28.17,,0.0,180303.91000000003
2019-07-02,27.98,,0.0,180303.91000000003
2019-07-03,27.78,BUY,6490.0,11.710000000020955
2019-07-04,27.28,,6490.0,11.710000000020955
2019-07-05,27.67,,6490.0,11.710000000020955
2019-07-08,28.16,,6490.0,11.710000000020955
2019-07-09,27.9,,6490.0,11.710000000020955
2019-07-10,29.65,,6490.0,11.710000000020955
2019-07-11,29.71,,6490.0,11.710000000020955
2019-07-12,30.26,,6490.0,11.710000000020955
2019-07-15,30.56,,6490.0,11.710000000020955
2019-07-16,29.98,,6490.0,11.710000000020955
2019-07-17,29.98,,6490.0,11.710000000020955
2019-07-18,29.28,,6490.0,11.710000000020955
2019-07-19,30.38,,6490.0,11.710000000020955
2019-07-22,30.5,,6490.0,11.710000000020955
2019-07-23,31.33,,6490.0,11.710000000020955
2019-07-24,30.7,,6490.0,11.710000000020955
2019-07-25,30.51,,6490.0,11.710000000020955
2019-07-26,29.75,,6490.0,11.710000000020955
2019-07-29,29.85,,6490.0,11.710000000020955
2019-07-30,29.29,,6490.0,11.710000000020955
2019-07-31,29.38,,6490.0,11.710000000020955
2019-08-01,30.83,,6490.0,11.710000000020955
2019-08-02,30.61,,6490.0,11.710000000020955
2019-08-05,30.04,,6490.0,11.710000000020955
2019-08-06,29.7,,6490.0,11.710000000020955
2019-08-07,29.56,,6490.0,11.710000000020955
2019-08-08,29.78,,6490.0,11.710000000020955
2019-08-09,29.36,,6490.0,11.710000000020955
2019-08-12,27.91,,6490.0,11.710000000020955
2019-08-13,28.3,,6490.0,11.710000000020955
2019-08-14,28.12,,6490.0,11.710000000020955
2019-08-15,27.2,,6490.0,11.710000000020955
2019-08-16,27.15,,6490.0,11.710000000020955
2019-08-19,27.73,,6490.0,11.710000000020955
2019-08-20,27.42,,6490.0,11.710000000020955
2019-08-21,27.17,,6490.0,11.710000000020955
2019-08-22,26.81,,6490.0,11.710000000020955
2019-08-23,26.24,,6490.0,11.710000000020955
2019-08-26,26.97,SELL,0.0,175047.01
2019-08-27,26.53,,0.0,175047.01
2019-08-28,27.11,,0.0,175047.01
2019-08-29,27.55,,0.0,175047.01
2019-08-30,27.37,,0.0,175047.01
2019-09-02,26.22,,0.0,175047.01
2019-09-03,26.21,,0.0,175047.01
2019-09-04,26.47,,0.0,175047.01
2019-09-05,26.48,,0.0,175047.01
2019-09-06,26.05,,0.0,175047.01
2019-09-09,25.97,,0.0,175047.01
2019-09-10,27.69,,0.0,175047.01
2019-09-11,27.27,,0.0,175047.01
2019-09-12,27.42,,0.0,175047.01
2019-09-13,27.38,,0.0,175047.01
2019-09-16,28.07,,0.0,175047.01
2019-09-17,27.24,,0.0,175047.01
2019-09-18,26.47,,0.0,175047.01
2019-09-19,26.98,,0.0,175047.01
2019-09-20,27.59,,0.0,175047.01
2019-09-23,26.84,,0.0,175047.01
2019-09-24,26.58,,0.0,175047.01
2019-09-25,26.26,,0.0,175047.01
2019-09-26,26.69,,0.0,175047.01
2019-09-27,26.34,,0.0,175047.01
2019-09-30,25.76,,0.0,175047.01
2019-10-01,26.05,,0.0,175047.01
2019-10-02,25.2,,0.0,175047.01
2019-10-03,24.17,,0.0,175047.01
2019-10-04,23.91,,0.0,175047.01
2019-10-07,24.35,,0.0,175047.01
2019-10-08,23.5,,0.0,175047.01
2019-10-09,23.6,,0.0,175047.01
2019-10-10,24.18,,0.0,175047.01
2019-10-11,25.36,,0.0,175047.01
2019-10-14,25.06,,0.0,175047.01
2019-10-15,26.64,,0.0,175047.01
2019-10-16,27.23,,0.0,175047.01
2019-10-17,27.0,,0.0,175047.01
2019-10-18,26.8,,0.0,175047.01
2019-10-21,26.83,,0.0,175047.01
2019-10-22,26.52,,0.0,175047.01
2019-10-23,25.59,,0.0,175047.01
2019-10-24,26.28,,0.0,175047.01
2019-10-25,25.8,,0.0,175047.01
2019-10-28,25.93,,0.0,175047.01
2019-10-29,26.25,,0.0,175047.01
2019-10-30,26.76,,0.0,175047.01
2019-10-31,26.35,,0.0,175047.01
2019-11-01,26.02,,0.0,175047.01
2019-11-04,26.37,,0.0,175047.01
2019-11-05,26.24,,0.0,175047.01
2019-11-06,25.52,,0.0,175047.01
2019-11-07,25.65,BUY,6824.0,11.410000000032596
2019-11-08,25.56,,6824.0,11.410000000032596
2019-11-11,25.65,,6824.0,11.410000000032596
2019-11-12,24.83,,6824.0,11.410000000032596
2019-11-13,25.1,SELL,0.0,171293.81000000006
2019-11-14,24.67,,0.0,171293.81000000006
2019-11-15,24.57,,0.0,171293.81000000006
2019-11-18,24.13,,0.0,171293.81000000006
2019-11-19,24.17,,0.0,171293.81000000006
2019-11-20,24.75,,0.0,171293.81000000006
2019-11-21,24.66,,0.0,171293.81000000006
2019-11-22,25.31,,0.0,171293.81000000006
2019-11-25,25.16,,0.0,171293.81000000006
2019-11-26,25.11,,0.0,171293.81000000006
2019-11-27,25.84,,0.0,171293.81000000006
2019-11-28,25.73,,0.0,171293.81000000006
2019-11-29,25.94,,0.0,171293.81000000006
2019-12-02,25.06,,0.0,171293.81000000006
2019-12-03,24.74,,0.0,171293.81000000006
2019-12-04,25.48,,0.0,171293.81000000006
2019-12-05,25.43,,0.0,171293.81000000006
2019-12-06,25.68,,0.0,171293.81000000006
2019-12-09,25.87,,0.0,171293.81000000006
2019-12-10,25.68,,0.0,171293.81000000006
2019-12-11,25.19,,0.0,171293.81000000006
2019-12-12,25.79,,0.0,171293.81000000006
2019-12-13,24.71,,0.0,171293.81000000006
2019-12-16,25.52,,0.0,171293.81000000006
2019-12-17,26.61,,0.0,171293.81000000006
2019-12-18,27.13,,0.0,171293.81000000006
2019-12-19,27.38,,0.0,171293.81000000006
2019-12-20,27.21,BUY,6295.0,6.860000000044238
2019-12-23,27.08,,6295.0,6.860000000044238
2019-12-24,26.62,,6295.0,6.860000000044238
2019-12-26,26.62,,6295.0,6.860000000044238
2019-12-27,27.25,,6295.0,6.860000000044238
2019-12-30,25.63,,6295.0,6.860000000044238
2019-12-31,25.18,,6295.0,6.860000000044238
2020-01-02,24.9,,6295.0,6.860000000044238
2020-01-03,25.5,,6295.0,6.860000000044238
2020-01-06,24.74,,6295.0,6.860000000044238
2020-01-07,25.06,,6295.0,6.860000000044238
2020-01-08,24.6,,6295.0,6.860000000044238
2020-01-09,25.2,,6295.0,6.860000000044238
2020-01-10,24.73,,6295.0,6.860000000044238
2020-01-13,24.66,,6295.0,6.860000000044238
2020-01-14,24.37,,6295.0,6.860000000044238
2020-01-15,25.04,,6295.0,6.860000000044238
2020-01-16,25.37,,6295.0,6.860000000044238
2020-01-17,25.97,,6295.0,6.860000000044238
2020-01-20,25.7,,6295.0,6.860000000044238
2020-01-21,25.45,,6295.0,6.860000000044238
2020-01-22,25.55,SELL,0.0,160844.11000000004
2020-01-23,25.21,,0.0,160844.11000000004
2020-01-24,24.87,,0.0,160844.11000000004
2020-01-27,25.05,,0.0,160844.11000000004
2020-01-28,25.1,,0.0,160844.11000000004
2020-01-29,24.43,,0.0,160844.11000000004
2020-01-30,24.17,,0.0,160844.11000000004
2020-01-31,24.31,,0.0,160844.11000000004
2020-02-03,23.63,,0.0,160844.11000000004
2020-02-04,23.78,,0.0,160844.11000000004
2020-02-05,24.19,,0.0,160844.11000000004
2020-02-06,23.98,,0.0,160844.11000000004
2020-02-07,23.75,,0.0,160844.11000000004
2020-02-10,23.58,,0.0,160844.11000000004
2020-02-11,23.74,,0.0,160844.11000000004
2020-02-12,24.31,,0.0,160844.11000000004
2020-02-13,24.82,,0.0,160844.11000000004
2020-02-14,24.71,,0.0,160844.11000000004
2020-02-17,25.47,,0.0,160844.11000000004
2020-02-18,25.56,,0.0,160844.11000000004
2020-02-19,26.13,,0.0,160844.11000000004
2020-02-20,26.06,,0.0,160844.11000000004
2020-02-21,26.03,,0.0,160844.11000000004
2020-02-24,25.0,,0.0,160844.11000000004
2020-02-25,24.62,,0.0,160844.11000000004
2020-02-26,24.69,,0.0,160844.11000000004
2020-02-27,24.02,,0.0,160844.11000000004
2020-02-28,24.02,,0.0,160844.11000000004
2020-03-02,23.93,,0.0,160844.11000000004
2020-03-03,23.77,,0.0,160844.11000000004
2020-03-04,24.24,,0.0,160844.11000000004
2020-03-05,24.21,,0.0,160844.11000000004
2020-03-06,23.83,,0.0,160844.11000000004
2020-03-09,23.68,,0.0,160844.11000000004
2020-03-10,24.5,,0.0,160844.11000000004
2020-03-11,24.34,,0.0,160844.11000000004
2020-03-12,22.96,,0.0,160844.11000000004
2020-03-13,22.38,,0.0,160844.11000000004
2020-03-16,19.98,,0.0,160844.11000000004
2020-03-17,19.05,,0.0,160844.11000000004
2020-03-18,16.12,,0.0,160844.11000000004
2020-03-19,17.19,,0.0,160844.11000000004
2020-03-20,16.84,,0.0,160844.11000000004
2020-03-23,16.28,,0.0,160844.11000000004
2020-03-24,17.5,,0.0,160844.11000000004
2020-03-25,18.21,,0.0,160844.11000000004
2020-03-26,18.06,,0.0,160844.11000000004
2020-03-27,17.11,,0.0,160844.11000000004
2020-03-30,17.78,,0.0,160844.11000000004
2020-03-31,18.42,,0.0,160844.11000000004
2020-04-01,17.84,,0.0,160844.11000000004
2020-04-02,18.82,,0.0,160844.11000000004
2020-04-03,18.73,,0.0,160844.11000000004
2020-04-06,21.17,,0.0,160844.11000000004
2020-04-07,21.3,,0.0,160844.11000000004
2020-04-08,21.93,,0.0,160844.11000000004
2020-04-09,21.86,,0.0,160844.11000000004
2020-04-14,20.57,,0.0,160844.11000000004
2020-04-15,20.02,,0.0,160844.11000000004
2020-04-16,21.69,,0.0,160844.11000000004
2020-04-17,22.48,,0.0,160844.11000000004
2020-04-20,22.15,,0.0,160844.11000000004
2020-04-21,20.64,,0.0,160844.11000000004
2020-04-22,21.45,,0.0,160844.11000000004
2020-04-23,21.82,,0.0,160844.11000000004
2020-04-24,21.53,,0.0,160844.11000000004
2020-04-27,21.09,,0.0,160844.11000000004
2020-04-28,21.04,,0.0,160844.11000000004
2020-04-29,21.0,,0.0,160844.11000000004
2020-04-30,20.39,,0.0,160844.11000000004
2020-05-01,19.8,,0.0,160844.11000000004
2020-05-04,20.18,,0.0,160844.11000000004
2020-05-05,19.92,BUY,8074.0,10.03000000002794
2020-05-06,19.83,,8074.0,10.03000000002794
2020-05-07,20.35,,8074.0,10.03000000002794
2020-05-08,20.17,,8074.0,10.03000000002794
2020-05-11,19.86,,8074.0,10.03000000002794
2020-05-12,19.31,,8074.0,10.03000000002794
2020-05-13,19.46,,8074.0,10.03000000002794
2020-05-14,19.62,,8074.0,10.03000000002794
2020-05-15,19.96,,8074.0,10.03000000002794
2020-05-18,21.14,,8074.0,10.03000000002794
2020-05-19,20.76,,8074.0,10.03000000002794
2020-05-20,22.06,,8074.0,10.03000000002794
2020-05-21,21.97,,8074.0,10.03000000002794
2020-05-22,22.19,,8074.0,10.03000000002794
2020-05-25,22.38,,8074.0,10.03000000002794
2020-05-26,22.4,,8074.0,10.03000000002794
2020-05-27,22.13,,8074.0,10.03000000002794
2020-05-28,22.04,,8074.0,10.03000000002794
2020-05-29,22.18,,8074.0,10.03000000002794
2020-06-01,21.75,,8074.0,10.03000000002794
2020-06-02,22.84,,8074.0,10.03000000002794
2020-06-03,22.85,,8074.0,10.03000000002794
2020-06-04,22.98,,8074.0,10.03000000002794
2020-06-05,24.02,,8074.0,10.03000000002794
2020-06-08,23.48,,8074.0,10.03000000002794
2020-06-09,23.24,,8074.0,10.03000000002794
2020-06-10,23.68,,8074.0,10.03000000002794
2020-06-11,23.04,,8074.0,10.03000000002794
2020-06-12,22.78,,8074.0,10.03000000002794
2020-06-15,22.93,,8074.0,10.03000000002794
2020-06-16,23.55,,8074.0,10.03000000002794
2020-06-17,23.52,,8074.0,10.03000000002794
2020-06-18,25.23,,8074.0,10.03000000002794
2020-06-19,24.92,,8074.0,10.03000000002794
2020-06-22,25.28,,8074.0,10.03000000002794
2020-06-23,26.15,,8074.0,10.03000000002794
2020-06-24,26.14,,8074.0,10.03000000002794
2020-06-25,25.92,,8074.0,10.03000000002794
2020-06-26,25.46,,8074.0,10.03000000002794
2020-06-29,27.35,,8074.0,10.03000000002794
2020-06-30,27.68,,8074.0,10.03000000002794
2020-07-01,28.42,,8074.0,10.03000000002794
2020-07-02,28.09,,8074.0,10.03000000002794
2020-07-03,28.64,,8074.0,10.03000000002794
2020-07-06,30.43,,8074.0,10.03000000002794
2020-07-07,30.12,,8074.0,10.03000000002794
2020-07-08,30.06,,8074.0,10.03000000002794
2020-07-09,29.37,,8074.0,10.03000000002794
2020-07-10,29.78,,8074.0,10.03000000002794
2020-07-13,30.14,,8074.0,10.03000000002794
2020-07-14,30.46,,8074.0,10.03000000002794
2020-07-15,29.7,,8074.0,10.03000000002794
2020-07-16,27.67,,8074.0,10.03000000002794
2020-07-17,28.76,,8074.0,10.03000000002794
2020-07-20,27.1,,8074.0,10.03000000002794
2020-07-21,27.51,,8074.0,10.03000000002794
2020-07-22,27.53,,8074.0,10.03000000002794
2020-07-23,28.23,,8074.0,10.03000000002794
2020-07-24,27.27,,8074.0,10.03000000002794
2020-07-27,25.91,,8074.0,10.03000000002794
2020-07-28,26.67,,8074.0,10.03000000002794
2020-07-29,27.13,,8074.0,10.03000000002794
2020-07-30,26.48,,8074.0,10.03000000002794
2020-07-31,27.22,,8074.0,10.03000000002794
2020-08-03,27.08,,8074.0,10.03000000002794
2020-08-04,27.75,,8074.0,10.03000000002794
2020-08-05,27.69,,8074.0,10.03000000002794
2020-08-06,27.3,,8074.0,10.03000000002794
2020-08-07,27.32,,8074.0,10.03000000002794
2020-08-10,27.6,,8074.0,10.03000000002794
2020-08-11,27.08,,8074.0,10.03000000002794
2020-08-12,26.87,,8074.0,10.03000000002794
2020-08-13,26.3,,8074.0,10.03000000002794
2020-08-14,26.36,,8074.0,10.03000000002794
2020-08-17,27.17,,8074.0,10.03000000002794
2020-08-18,27.41,,8074.0,10.03000000002794
2020-08-19,27.08,SELL,0.0,218653.95
2020-08-20,26.75,,0.0,218653.95
2020-08-21,26.48,,0.0,218653.95
2020-08-24,28.32,,0.0,218653.95
2020-08-25,29.46,,0.0,218653.95
2020-08-26,29.48,,0.0,218653.95
2020-08-27,29.23,,0.0,218653.95
2020-08-28,30.38,,0.0,218653.95
2020-08-31,29.53,,0.0,218653.95
2020-09-01,28.61,,0.0,218653.95
2020-09-02,29.06,,0.0,218653.95
2020-09-03,29.53,,0.0,218653.95
2020-09-04,28.13,,0.0,218653.95
2020-09-07,27.81,,0.0,218653.95
2020-09-08,27.53,,0.0,218653.95
2020-09-09,27.94,BUY,7825.0,23.45000000001164
2020-09-10,29.15,,7825.0,23.45000000001164
2020-09-11,28.99,,7825.0,23.45000000001164
2020-09-14,31.2,,7825.0,23.45000000001164
2020-09-15,30.53,,7825.0,23.45000000001164
2020-09-16,30.71,,7825.0,23.45000000001164
2020-09-17,29.13,,7825.0,23.45000000001164
2020-09-18,28.68,,7825.0,23.45000000001164
2020-09-21,27.05,,7825.0,23.45000000001164
2020-09-22,28.47,,7825.0,23.45000000001164
2020-09-23,27.12,,7825.0,23.45000000001164
2020-09-24,27.4,,7825.0,23.45000000001164
2020-09-25,26.75,,7825.0,23.45000000001164
2020-09-28,28.28,,7825.0,23.45000000001164
2020-09-29,27.36,,7825.0,23.45000000001164
2020-09-30,27.5,,7825.0,23.45000000001164
2020-10-01,27.07,,7825.0,23.45000000001164
2020-10-02,27.59,,7825.0,23.45000000001164
2020-10-05,27.49,,7825.0,23.45000000001164
2020-10-06,27.34,,7825.0,23.45000000001164
2020-10-07,27.44,,7825.0,23.45000000001164
2020-10-08,26.88,,7825.0,23.45000000001164
2020-10-09,26.24,,7825.0,23.45000000001164
2020-10-12,26.4,SELL,0.0,206603.45
2020-10-13,25.74,,0.0,206603.45
2020-10-14,26.28,,0.0,206603.45
2020-10-15,25.48,,0.0,206603.45
2020-10-16,25.4,,0.0,206603.45
2020-10-19,25.49,,0.0,206603.45
2020-10-20,24.92,,0.0,206603.45
2020-10-21,24.06,,0.0,206603.45
2020-10-22,24.68,,0.0,206603.45
2020-10-23,25.98,,0.0,206603.45
2020-10-26,24.35,,0.0,206603.45
2020-10-27,24.55,,0.0,206603.45
2020-10-28,23.52,,0.0,206603.45
2020-10-29,24.15,,0.0,206603.45
2020-10-30,24.19,,0.0,206603.45
2020-11-02,24.15,,0.0,206603.45
2020-11-03,24.86,,0.0,206603.45
2020-11-04,25.57,,0.0,206603.45
2020-11-05,26.43,,0.0,206603.45
2020-11-06,25.85,,0.0,206603.45
2020-11-09,26.97,,0.0,206603.45
2020-11-10,26.64,,0.0,206603.45
2020-11-11,26.52,,0.0,206603.45
2020-11-12,26.32,,0.0,206603.45
2020-11-13,26.68,,0.0,206603.45
2020-11-16,27.79,,0.0,206603.45
2020-11-17,27.04,,0.0,206603.45
2020-11-18,27.59,,0.0,206603.45
2020-11-19,26.75,,0.0,206603.45
2020-11-20,27.15,,0.0,206603.45
2020-11-23,27.67,,0.0,206603.45
2020-11-24,28.04,,0.0,206603.45
2020-11-25,28.04,,0.0,206603.45
2020-11-26,28.54,BUY,7239.0,2.39000000001397
2020-11-27,28.59,,7239.0,2.39000000001397
2020-11-30,29.6,,7239.0,2.39000000001397
2020-12-01,29.33,,7239.0,2.39000000001397
2020-12-02,30.01,,7239.0,2.39000000001397
2020-12-03,29.46,,7239.0,2.39000000001397
2020-12-04,30.57,,7239.0,2.39000000001397
2020-12-07,30.07,,7239.0,2.39000000001397
2020-12-08,30.02,,7239.0,2.39000000001397
2020-12-09,30.16,,7239.0,2.39000000001397
2020-12-10,31.36,,7239.0,2.39000000001397
2020-12-11,30.98,,7239.0,2.39000000001397
2020-12-14,31.27,,7239.0,2.39000000001397
2020-12-15,32.43,,7239.0,2.39000000001397
2020-12-16,32.03,,7239.0,2.39000000001397
2020-12-17,32.21,,7239.0,2.39000000001397
2020-12-18,31.36,,7239.0,2.39000000001397
2020-12-21,31.14,,7239.0,2.39000000001397
2020-12-22,31.39,,7239.0,2.39000000001397
2020-12-23,32.15,,7239.0,2.39000000001397
2020-12-24,32.41,,7239.0,2.39000000001397
2020-12-28,33.66,,7239.0,2.39000000001397
2020-12-29,33.25,,7239.0,2.39000000001397
2020-12-30,32.42,,7239.0,2.39000000001397
2020-12-31,32.94,,7239.0,2.39000000001397
2021-01-04,33.89,,7239.0,2.39000000001397
2021-01-05,33.15,,7239.0,2.39000000001397
2021-01-06,33.83,,7239.0,2.39000000001397
2021-01-07,34.97,,7239.0,2.39000000001397
2021-01-08,35.14,,7239.0,2.39000000001397
2021-01-11,34.76,,7239.0,2.39000000001397
2021-01-12,34.88,,7239.0,2.39000000001397
2021-01-13,33.88,,7239.0,2.39000000001397
2021-01-14,33.76,,7239.0,2.39000000001397
2021-01-15,31.96,,7239.0,2.39000000001397
2021-01-18,31.84,,7239.0,2.39000000001397
2021-01-19,33.3,,7239.0,2.39000000001397
2021-01-20,33.12,,7239.0,2.39000000001397
2021-01-21,34.32,,7239.0,2.39000000001397
2021-01-22,34.45,,7239.0,2.39000000001397
2021-01-25,33.39,,7239.0,2.39000000001397
2021-01-26,33.56,,7239.0,2.39000000001397
2021-01-27,33.51,,7239.0,2.39000000001397
2021-01-28,34.17,,7239.0,2.39000000001397
2021-01-29,33.18,,7239.0,2.39000000001397
2021-02-01,33.08,,7239.0,2.39000000001397
2021-02-02,35.19,,7239.0,2.39000000001397
2021-02-03,37.65,,7239.0,2.39000000001397
2021-02-04,37.49,,7239.0,2.39000000001397
2021-02-05,38.43,,7239.0,2.39000000001397
2021-02-08,38.84,,7239.0,2.39000000001397
2021-02-09,38.49,,7239.0,2.39000000001397
2021-02-10,39.56,,7239.0,2.39000000001397
2021-02-11,39.0,,7239.0,2.39000000001397
2021-02-12,40.28,,7239.0,2.39000000001397
2021-02-15,39.81,,7239.0,2.39000000001397
2021-02-16,39.13,,7239.0,2.39000000001397
2021-02-17,38.4,,7239.0,2.39000000001397
2021-02-18,38.61,,7239.0,2.39000000001397
2021-02-19,37.7,,7239.0,2.39000000001397
2021-02-22,38.26,,7239.0,2.39000000001397
2021-02-23,38.97,,7239.0,2.39000000001397
2021-02-24,39.45,,7239.0,2.39000000001397
2021-02-25,38.57,,7239.0,2.39000000001397
2021-02-26,37.6,,7239.0,2.39000000001397
2021-03-01,37.45,,7239.0,2.39000000001397
2021-03-02,38.69,,7239.0,2.39000000001397
2021-03-03,37.82,,7239.0,2.39000000001397
2021-03-04,38.51,,7239.0,2.39000000001397
2021-03-05,39.36,,7239.0,2.39000000001397
2021-03-08,39.47,,7239.0,2.39000000001397
2021-03-09,40.98,,7239.0,2.39000000001397
2021-03-10,41.87,,7239.0,2.39000000001397
2021-03-11,42.27,,7239.0,2.39000000001397
2021-03-12,43.19,,7239.0,2.39000000001397
2021-03-15,42.73,,7239.0,2.39000000001397
2021-03-16,41.96,,7239.0,2.39000000001397
2021-03-17,43.34,,7239.0,2.39000000001397
2021-03-18,42.74,,7239.0,2.39000000001397
2021-03-19,42.31,,7239.0,2.39000000001397
2021-03-22,43.18,,7239.0,2.39000000001397
2021-03-23,41.78,,7239.0,2.39000000001397
2021-03-24,41.96,,7239.0,2.39000000001397
2021-03-25,40.71,,7239.0,2.39000000001397
2021-03-26,42.09,,7239.0,2.39000000001397
2021-03-29,42.2,,7239.0,2.39000000001397
2021-03-30,42.4,,7239.0,2.39000000001397
2021-03-31,42.89,,7239.0,2.39000000001397
2021-04-01,42.81,,7239.0,2.39000000001397
2021-04-05,42.81,,7239.0,2.39000000001397
2021-04-06,44.6,,7239.0,2.39000000001397
2021-04-07,44.23,,7239.0,2.39000000001397
2021-04-08,43.85,,7239.0,2.39000000001397
2021-04-09,44.03,,7239.0,2.39000000001397
2021-04-12,44.86,,7239.0,2.39000000001397
2021-04-13,44.24,,7239.0,2.39000000001397
2021-04-14,44.2,,7239.0,2.39000000001397
2021-04-15,44.55,,7239.0,2.39000000001397
2021-04-16,44.8,,7239.0,2.39000000001397
2021-04-19,44.74,,7239.0,2.39000000001397
2021-04-20,45.29,,7239.0,2.39000000001397
2021-04-21,46.32,,7239.0,2.39000000001397
2021-04-22,47.51,,7239.0,2.39000000001397
2021-04-23,47.38,,7239.0,2.39000000001397
2021-04-26,47.67,,7239.0,2.39000000001397
2021-04-27,47.78,,7239.0,2.39000000001397
2021-04-28,48.28,,7239.0,2.39000000001397
2021-04-29,48.51,,7239.0,2.39000000001397
2021-04-30,49.31,,7239.0,2.39000000001397
2021-05-03,49.9,,7239.0,2.39000000001397
2021-05-04,49.06,,7239.0,2.39000000001397
2021-05-05,49.91,,7239.0,2.39000000001397
2021-05-06,50.41,,7239.0,2.39000000001397
2021-05-07,50.93,,7239.0,2.39000000001397
2021-05-10,52.72,,7239.0,2.39000000001397
2021-05-11,53.55,,7239.0,2.39000000001397
2021-05-12,55.85,,7239.0,2.39000000001397
2021-05-13,55.04,,7239.0,2.39000000001397
2021-05-14,57.23,,7239.0,2.39000000001397
2021-05-17,56.97,,7239.0,2.39000000001397
2021-05-18,53.74,,7239.0,2.39000000001397
2021-05-19,50.35,,7239.0,2.39000000001397
2021-05-20,53.41,,7239.0,2.39000000001397
2021-05-21,52.43,,7239.0,2.39000000001397
2021-05-24,53.41,,7239.0,2.39000000001397
2021-05-25,53.83,,7239.0,2.39000000001397
2021-05-26,54.22,,7239.0,2.39000000001397
2021-05-27,52.39,,7239.0,2.39000000001397
2021-05-28,51.58,,7239.0,2.39000000001397
2021-05-31,52.24,,7239.0,2.39000000001397
2021-06-01,52.97,,7239.0,2.39000000001397
2021-06-02,51.94,,7239.0,2.39000000001397
2021-06-03,50.73,,7239.0,2.39000000001397
2021-06-04,50.47,,7239.0,2.39000000001397
2021-06-07,51.97,,7239.0,2.39000000001397
2021-06-08,52.58,,7239.0,2.39000000001397
2021-06-09,53.9,,7239.0,2.39000000001397
2021-06-10,54.15,,7239.0,2.39000000001397
2021-06-11,53.07,,7239.0,2.39000000001397
2021-06-14,53.29,,7239.0,2.39000000001397
2021-06-15,51.76,,7239.0,2.39000000001397
2021-06-16,51.72,,7239.0,2.39000000001397
2021-06-17,51.28,,7239.0,2.39000000001397
2021-06-18,52.26,,7239.0,2.39000000001397
2021-06-21,52.78,,7239.0,2.39000000001397
2021-06-22,53.76,,7239.0,2.39000000001397
2021-06-23,55.03,,7239.0,2.39000000001397
2021-06-24,55.49,,7239.0,2.39000000001397
2021-06-25,55.48,,7239.0,2.39000000001397
2021-06-28,55.9,,7239.0,2.39000000001397
2021-06-29,56.04,,7239.0,2.39000000001397
2021-06-30,56.78,,7239.0,2.39000000001397
2021-07-01,58.06,,7239.0,2.39000000001397
2021-07-02,57.76,,7239.0,2.39000000001397
2021-07-05,58.28,,7239.0,2.39000000001397
2021-07-06,54.44,,7239.0,2.39000000001397
2021-07-07,53.03,,7239.0,2.39000000001397
2021-07-08,52.77,,7239.0,2.39000000001397
2021-07-09,54.67,,7239.0,2.39000000001397
2021-07-12,52.12,,7239.0,2.39000000001397
2021-07-13,53.26,,7239.0,2.39000000001397
2021-07-14,53.78,,7239.0,2.39000000001397
2021-07-15,53.37,,7239.0,2.39000000001397
2021-07-16,53.28,,7239.0,2.39000000001397
2021-07-19,52.81,,7239.0,2.39000000001397
2021-07-20,51.59,,7239.0,2.39000000001397
2021-07-21,52.51,,7239.0,2.39000000001397
2021-07-22,51.16,,7239.0,2.39000000001397
2021-07-23,51.26,,7239.0,2.39000000001397
2021-07-26,53.57,,7239.0,2.39000000001397
2021-07-27,53.28,,7239.0,2.39000000001397
2021-07-28,54.2,,7239.0,2.39000000001397
2021-07-29,54.41,,7239.0,2.39000000001397
2021-07-30,53.69,SELL,0.0,388664.3
2021-08-02,54.79,,0.0,388664.3
2021-08-03,54.55,,0.0,388664.3
2021-08-04,55.82,,0.0,388664.3
2021-08-05,56.34,,0.0,388664.3
2021-08-06,57.02,,0.0,388664.3
2021-08-09,56.98,BUY,6821.0,3.720000000030268
2021-08-10,57.77,,6821.0,3.720000000030268
2021-08-11,58.14,,6821.0,3.720000000030268
2021-08-12,56.63,,6821.0,3.720000000030268
2021-08-13,55.74,,6821.0,3.720000000030268
2021-08-16,58.52,,6821.0,3.720000000030268
2021-08-17,57.56,,6821.0,3.720000000030268
2021-08-18,57.45,,6821.0,3.720000000030268
2021-08-19,53.84,,6821.0,3.720000000030268
2021-08-20,54.72,,6821.0,3.720000000030268
2021-08-23,55.67,,6821.0,3.720000000030268
2021-08-24,56.97,,6821.0,3.720000000030268
2021-08-25,56.87,,6821.0,3.720000000030268
2021-08-26,57.19,,6821.0,3.720000000030268
2021-08-27,59.32,,6821.0,3.720000000030268
2021-08-30,61.08,,6821.0,3.720000000030268
2021-08-31,61.07,,6821.0,3.720000000030268
2021-09-01,60.42,,6821.0,3.720000000030268
2021-09-02,61.83,,6821.0,3.720000000030268
2021-09-03,61.63,,6821.0,3.720000000030268
2021-09-06,62.61,,6821.0,3.720000000030268
2021-09-07,62.28,,6821.0,3.720000000030268
2021-09-08,62.74,,6821.0,3.720000000030268
2021-09-09,63.04,,6821.0,3.720000000030268
2021-09-10,61.22,,6821.0,3.720000000030268
2021-09-13,61.37,,6821.0,3.720000000030268
2021-09-14,60.16,,6821.0,3.720000000030268
2021-09-15,60.18,,6821.0,3.720000000030268
2021-09-16,59.63,,6821.0,3.720000000030268
2021-09-17,59.82,,6821.0,3.720000000030268
2021-09-20,61.02,,6821.0,3.720000000030268
2021-09-21,60.5,,6821.0,3.720000000030268
2021-09-22,60.94,,6821.0,3.720000000030268
2021-09-23,60.89,,6821.0,3.720000000030268
2021-09-24,63.29,,6821.0,3.720000000030268
2021-09-27,64.72,,6821.0,3.720000000030268
2021-09-28,62.29,,6821.0,3.720000000030268
2021-09-29,63.28,,6821.0,3.720000000030268
2021-09-30,62.16,,6821.0,3.720000000030268
2021-10-01,62.45,,6821.0,3.720000000030268
2021-10-04,63.82,,6821.0,3.720000000030268
2021-10-05,65.16,,6821.0,3.720000000030268
2021-10-06,59.58,,6821.0,3.720000000030268
2021-10-07,60.81,,6821.0,3.720000000030268
2021-10-08,58.76,,6821.0,3.720000000030268
2021-10-11,59.58,,6821.0,3.720000000030268
2021-10-12,59.34,,6821.0,3.720000000030268
2021-10-13,59.45,,6821.0,3.720000000030268
2021-10-14,61.79,,6821.0,3.720000000030268
2021-10-15,59.79,,6821.0,3.720000000030268
2021-10-18,58.92,,6821.0,3.720000000030268
2021-10-19,54.92,,6821.0,3.720000000030268
2021-10-20,58.14,,6821.0,3.720000000030268
2021-10-21,58.37,,6821.0,3.720000000030268
2021-10-22,58.64,,6821.0,3.720000000030268
2021-10-25,59.35,,6821.0,3.720000000030268
2021-10-26,60.16,,6821.0,3.720000000030268
2021-10-27,60.27,SELL,0.0,411105.3900000001
2021-10-28,58.94,,0.0,411105.3900000001
2021-10-29,59.08,,0.0,411105.3900000001
2021-11-01,57.29,,0.0,411105.3900000001
2021-11-02,59.79,,0.0,411105.3900000001
2021-11-03,60.15,,0.0,411105.3900000001
2021-11-04,60.18,,0.0,411105.3900000001
2021-11-05,59.73,,0.0,411105.3900000001
2021-11-08,60.96,,0.0,411105.3900000001
2021-11-09,60.75,,0.0,411105.3900000001
2021-11-10,63.48,,0.0,411105.3900000001
2021-11-11,64.02,,0.0,411105.3900000001
2021-11-12,63.58,,0.0,411105.3900000001
2021-11-15,66.22,,0.0,411105.3900000001
2021-11-16,67.83,,0.0,411105.3900000001
2021-11-17,67.45,BUY,6094.0,65.09000000008382
2021-11-18,69.38,,6094.0,65.09000000008382
2021-11-19,69.65,,6094.0,65.09000000008382
2021-11-22,70.22,,6094.0,65.09000000008382
2021-11-23,69.49,,6094.0,65.09000000008382
2021-11-24,73.23,,6094.0,65.09000000008382
2021-11-25,74.79,,6094.0,65.09000000008382
2021-11-26,73.12,,6094.0,65.09000000008382
2021-11-29,74.54,,6094.0,65.09000000008382
2021-11-30,75.73,,6094.0,65.09000000008382
2021-12-01,77.2,,6094.0,65.09000000008382
2021-12-02,80.25,,6094.0,65.09000000008382
2021-12-03,78.64,,6094.0,65.09000000008382
2021-12-06,81.65,,6094.0,65.09000000008382
2021-12-07,85.34,,6094.0,65.09000000008382
2021-12-08,89.41,,6094.0,65.09000000008382
2021-12-09,80.88,,6094.0,65.09000000008382
2021-12-10,84.37,,6094.0,65.09000000008382
2021-12-13,82.72,,6094.0,65.09000000008382
2021-12-14,80.12,,6094.0,65.09000000008382
2021-12-15,81.19,,6094.0,65.09000000008382
2021-12-16,85.71,,6094.0,65.09000000008382
2021-12-17,74.02,,6094.0,65.09000000008382
2021-12-20,80.09,,6094.0,65.09000000008382
2021-12-21,80.94,,6094.0,65.09000000008382
2021-12-22,76.83,,6094.0,65.09000000008382
2021-12-23,74.46,,6094.0,65.09000000008382
2021-12-24,76.31,,6094.0,65.09000000008382
2021-12-27,76.92,,6094.0,65.09000000008382
2021-12-28,79.29,,6094.0,65.09000000008382
2021-12-29,80.36,,6094.0,65.09000000008382
2021-12-30,80.16,,6094.0,65.09000000008382
2021-12-31,80.65,,6094.0,65.09000000008382
2022-01-03,84.01,,6094.0,65.09000000008382
2022-01-04,84.91,,6094.0,65.09000000008382
2022-01-05,87.58,,6094.0,65.09000000008382
2022-01-06,86.74,,6094.0,65.09000000008382
2022-01-07,85.42,,6094.0,65.09000000008382
2022-01-10,80.09,,6094.0,65.09000000008382
2022-01-11,81.3,,6094.0,65.09000000008382
2022-01-12,80.01,,6094.0,65.09000000008382
2022-01-13,80.56,,6094.0,65.09000000008382
2022-01-14,82.08,,6094.0,65.09000000008382
2022-01-17,80.58,,6094.0,65.09000000008382
2022-01-18,82.67,,6094.0,65.09000000008382
2022-01-19,82.09,,6094.0,65.09000000008382
2022-01-20,85.59,,6094.0,65.09000000008382
2022-01-21,84.47,,6094.0,65.09000000008382
2022-01-24,84.02,,6094.0,65.09000000008382
2022-01-25,87.45,,6094.0,65.09000000008382
2022-01-26,88.66,,6094.0,65.09000000008382
2022-01-27,89.76,,6094.0,65.09000000008382
2022-01-28,89.22,,6094.0,65.09000000008382
2022-01-31,89.24,,6094.0,65.09000000008382
2022-02-01,89.52,,6094.0,65.09000000008382
2022-02-02,94.21,,6094.0,65.09000000008382
2022-02-03,94.81,,6094.0,65.09000000008382
2022-02-04,96.45,,6094.0,65.09000000008382
2022-02-07,96.7,,6094.0,65.09000000008382
2022-02-08,96.93,,6094.0,65.09000000008382
2022-02-09,90.79,,6094.0,65.09000000008382
2022-02-10,90.78,,6094.0,65.09000000008382
2022-02-11,92.87,,6094.0,65.09000000008382
2022-02-14,91.76,,6094.0,65.09000000008382
2022-02-15,91.14,,6094.0,65.09000000008382
2022-02-16,89.86,,6094.0,65.09000000008382
2022-02-17,86.44,,6094.0,65.09000000008382
2022-02-18,89.47,,6094.0,65.09000000008382
2022-02-21,89.68,,6094.0,65.09000000008382
2022-02-22,89.77,,6094.0,65.09000000008382
2022-02-23,95.07,,6094.0,65.09000000008382
2022-02-24,87.03,,6094.0,65.09000000008382
2022-02-25,88.14,,6094.0,65.09000000008382
2022-02-28,82.21,,6094.0,65.09000000008382
2022-03-01,68.85,,6094.0,65.09000000008382
2022-03-02,68.49,,6094.0,65.09000000008382
2022-03-03,67.35,,6094.0,65.09000000008382
2022-03-04,65.1,,6094.0,65.09000000008382
2022-03-07,58.3,SELL,0.0,355345.2900000001
2022-03-08,68.51,,0.0,355345.2900000001
2022-03-09,73.18,,0.0,355345.2900000001
2022-03-10,76.41,,0.0,355345.2900000001
2022-03-11,76.76,,0.0,355345.2900000001
2022-03-14,78.28,,0.0,355345.2900000001
2022-03-15,77.43,,0.0,355345.2900000001
2022-03-16,78.16,,0.0,355345.2900000001
2022-03-17,79.89,,0.0,355345.2900000001
2022-03-18,78.89,,0.0,355345.2900000001
2022-03-21,78.39,,0.0,355345.2900000001
2022-03-22,80.67,,0.0,355345.2900000001
2022-03-23,76.6,,0.0,355345.2900000001
2022-03-24,78.24,,0.0,355345.2900000001
2022-03-25,78.6,,0.0,355345.2900000001
2022-03-28,80.81,,0.0,355345.2900000001
2022-03-29,81.7,,0.0,355345.2900000001
2022-03-30,78.31,,0.0,355345.2900000001
2022-03-31,76.48,,0.0,355345.2900000001
2022-04-01,78.49,,0.0,355345.2900000001
2022-04-04,78.5,,0.0,355345.2900000001
2022-04-05,78.05,,0.0,355345.2900000001
2022-04-06,77.18,,0.0,355345.2900000001
2022-04-07,79.94,,0.0,355345.2900000001
2022-04-08,80.09,,0.0,355345.2900000001
2022-04-11,77.95,,0.0,355345.2900000001
2022-04-12,79.01,,0.0,355345.2900000001
2022-04-13,77.44,,0.0,355345.2900000001
2022-04-14,79.97,,0.0,355345.2900000001
2022-04-19,80.2,,0.0,355345.2900000001
2022-04-20,87.82,,0.0,355345.2900000001
2022-04-21,86.44,,0.0,355345.2900000001
2022-04-22,88.99,,0.0,355345.2900000001
2022-04-25,83.46,BUY,4257.0,56.0700000001234
2022-04-26,82.71,,4257.0,56.0700000001234
2022-04-27,81.01,,4257.0,56.0700000001234
2022-04-28,82.68,,4257.0,56.0700000001234
2022-04-29,84.45,,4257.0,56.0700000001234
2022-05-02,83.04,,4257.0,56.0700000001234
2022-05-03,88.19,,4257.0,56.0700000001234
2022-05-04,88.31,,4257.0,56.0700000001234
2022-05-05,88.91,,4257.0,56.0700000001234
2022-05-06,91.54,,4257.0,56.0700000001234
2022-05-09,87.02,,4257.0,56.0700000001234
2022-05-10,87.34,,4257.0,56.0700000001234
2022-05-11,88.83,,4257.0,56.0700000001234
2022-05-12,88.26,,4257.0,56.0700000001234
2022-05-13,88.48,,4257.0,56.0700000001234
2022-05-16,89.56,,4257.0,56.0700000001234
2022-05-17,91.72,,4257.0,56.0700000001234
2022-05-18,84.64,,4257.0,56.0700000001234
2022-05-19,83.18,,4257.0,56.0700000001234
2022-05-20,80.39,,4257.0,56.0700000001234
2022-05-23,78.15,,4257.0,56.0700000001234
2022-05-24,81.32,,4257.0,56.0700000001234
2022-05-25,81.4,,4257.0,56.0700000001234
2022-05-26,84.76,,4257.0,56.0700000001234
2022-05-27,84.2,,4257.0,56.0700000001234
2022-05-30,83.97,,4257.0,56.0700000001234
2022-05-31,84.02,,4257.0,56.0700000001234
2022-06-01,86.08,,4257.0,56.0700000001234
2022-06-02,86.34,,4257.0,56.0700000001234
2022-06-03,86.87,,4257.0,56.0700000001234
2022-06-06,81.43,,4257.0,56.0700000001234
2022-06-07,81.31,,4257.0,56.0700000001234
2022-06-08,79.81,,4257.0,56.0700000001234
2022-06-09,81.01,,4257.0,56.0700000001234
2022-06-10,81.86,,4257.0,56.0700000001234
2022-06-13,81.54,SELL,0.0,347171.85000000015
2022-06-14,84.15,,0.0,347171.85000000015
2022-06-15,86.2,,0.0,347171.85000000015
2022-06-16,83.0,,0.0,347171.85000000015
2022-06-17,82.37,,0.0,347171.85000000015
2022-06-20,84.0,,0.0,347171.85000000015
2022-06-21,84.73,,0.0,347171.85000000015
2022-06-22,81.88,,0.0,347171.85000000015
2022-06-23,84.13,,0.0,347171.85000000015
2022-06-24,83.43,,0.0,347171.85000000015
2022-06-27,85.05,,0.0,347171.85000000015
2022-06-28,87.4,,0.0,347171.85000000015
2022-06-29,88.35,,0.0,347171.85000000015
2022-06-30,90.16,,0.0,347171.85000000015
2022-07-01,85.58,,0.0,347171.85000000015
2022-07-04,84.55,,0.0,347171.85000000015
2022-07-05,83.19,,0.0,347171.85000000015
2022-07-06,83.22,,0.0,347171.85000000015
2022-07-07,84.92,,0.0,347171.85000000015
2022-07-08,82.79,,0.0,347171.85000000015
2022-07-11,84.36,,0.0,347171.85000000015
2022-07-12,85.65,,0.0,347171.85000000015
2022-07-13,83.86,,0.0,347171.85000000015
2022-07-14,83.97,BUY,4134.0,39.870000000169966
2022-07-15,85.38,,4134.0,39.870000000169966
2022-07-18,84.94,,4134.0,39.870000000169966
2022-07-19,83.65,,4134.0,39.870000000169966
2022-07-20,78.84,,4134.0,39.870000000169966
2022-07-21,78.11,,4134.0,39.870000000169966
2022-07-22,76.3,,4134.0,39.870000000169966
2022-07-25,76.37,,4134.0,39.870000000169966
2022-07-26,76.68,SELL,0.0,317034.9900000002
2022-07-27,76.14,,0.0,317034.9900000002
2022-07-28,78.96,,0.0,317034.9900000002
2022-07-29,78.55,,0.0,317034.9900000002
2022-08-01,80.58,,0.0,317034.9900000002
2022-08-02,81.95,,0.0,317034.9900000002
2022-08-03,83.99,,0.0,317034.9900000002
2022-08-04,84.19,,0.0,317034.9900000002
2022-08-05,84.76,,0.0,317034.9900000002
2022-08-08,83.81,,0.0,317034.9900000002
2022-08-09,85.93,,0.0,317034.9900000002
2022-08-10,85.92,,0.0,317034.9900000002
2022-08-11,87.55,,0.0,317034.9900000002
2022-08-12,88.87,,0.0,317034.9900000002
2022-08-15,90.78,,0.0,317034.9900000002
2022-08-16,92.08,,0.0,317034.9900000002
2022-08-17,95.8,,0.0,317034.9900000002
2022-08-18,96.04,BUY,3301.0,6.9500000001862645
2022-08-19,98.01,,3301.0,6.9500000001862645
2022-08-22,92.17,,3301.0,6.9500000001862645
2022-08-23,89.29,,3301.0,6.9500000001862645
2022-08-24,89.24,,3301.0,6.9500000001862645
2022-08-25,89.31,,3301.0,6.9500000001862645
2022-08-26,90.31,,3301.0,6.9500000001862645
2022-08-29,86.66,,3301.0,6.9500000001862645
2022-08-30,80.81,,3301.0,6.9500000001862645
2022-08-31,80.03,,3301.0,6.9500000001862645
2022-09-01,80.79,,3301.0,6.9500000001862645
2022-09-02,77.89,,3301.0,6.9500000001862645
2022-09-05,74.45,,3301.0,6.9500000001862645
2022-09-06,69.88,,3301.0,6.9500000001862645
2022-09-07,69.03,,3301.0,6.9500000001862645
2022-09-08,67.24,,3301.0,6.9500000001862645
2022-09-09,66.08,,3301.0,6.9500000001862645
2022-09-12,71.82,,3301.0,6.9500000001862645
2022-09-13,69.75,SELL,0.0,230251.7000000002
2022-09-14,72.54,,0.0,230251.7000000002
2022-09-15,71.85,,0.0,230251.7000000002
2022-09-16,73.27,,0.0,230251.7000000002
2022-09-19,71.1,,0.0,230251.7000000002
2022-09-20,71.14,,0.0,230251.7000000002
2022-09-21,69.79,,0.0,230251.7000000002
2022-09-22,70.44,,0.0,230251.7000000002
2022-09-23,65.77,,0.0,230251.7000000002
2022-09-26,70.33,,0.0,230251.7000000002
2022-09-27,67.96,,0.0,230251.7000000002
2022-09-28,65.15,,0.0,230251.7000000002
2022-09-29,65.73,,0.0,230251.7000000002
2022-09-30,66.73,,0.0,230251.7000000002
2022-10-03,65.94,,0.0,230251.7000000002
2022-10-04,66.92,,0.0,230251.7000000002
2022-10-05,67.07,,0.0,230251.7000000002
2022-10-06,68.96,,0.0,230251.7000000002
2022-10-07,69.85,,0.0,230251.7000000002
2022-10-10,66.77,,0.0,230251.7000000002
2022-10-11,66.34,,0.0,230251.7000000002
2022-10-12,66.71,,0.0,230251.7000000002
2022-10-13,68.84,,0.0,230251.7000000002
2022-10-14,68.02,,0.0,230251.7000000002
2022-10-17,67.51,,0.0,230251.7000000002
2022-10-18,67.77,,0.0,230251.7000000002
2022-10-19,67.29,,0.0,230251.7000000002
2022-10-20,66.87,,0.0,230251.7000000002
2022-10-21,68.72,,0.0,230251.7000000002
2022-10-24,72.32,,0.0,230251.7000000002
2022-10-25,77.11,,0.0,230251.7000000002
2022-10-26,75.79,,0.0,230251.7000000002
2022-10-27,80.21,,0.0,230251.7000000002
2022-10-28,81.21,,0.0,230251.7000000002
2022-10-31,79.97,,0.0,230251.7000000002
2022-11-01,76.72,,0.0,230251.7000000002
2022-11-02,76.7,,0.0,230251.7000000002
2022-11-03,76.28,BUY,3018.0,38.660000000178115
2022-11-04,76.36,,3018.0,38.660000000178115
2022-11-07,77.49,,3018.0,38.660000000178115
2022-11-08,76.06,,3018.0,38.660000000178115
2022-11-09,72.76,,3018.0,38.660000000178115
2022-11-10,73.05,,3018.0,38.660000000178115
2022-11-11,75.84,,3018.0,38.660000000178115
2022-11-14,75.23,,3018.0,38.660000000178115
2022-11-15,76.65,,3018.0,38.660000000178115
2022-11-16,73.41,,3018.0,38.660000000178115
2022-11-17,72.4,,3018.0,38.660000000178115
2022-11-18,72.47,,3018.0,38.660000000178115
2022-11-21,74.28,,3018.0,38.660000000178115
2022-11-22,73.87,,3018.0,38.660000000178115
2022-11-23,75.87,,3018.0,38.660000000178115
2022-11-24,78.69,,3018.0,38.660000000178115
2022-11-25,78.97,,3018.0,38.660000000178115
2022-11-28,78.59,,3018.0,38.660000000178115
2022-11-29,81.39,,3018.0,38.660000000178115
2022-11-30,84.9,,3018.0,38.660000000178115
2022-12-01,84.88,,3018.0,38.660000000178115
2022-12-02,87.98,,3018.0,38.660000000178115
2022-12-05,87.17,,3018.0,38.660000000178115
2022-12-06,88.61,,3018.0,38.660000000178115
2022-12-07,88.19,,3018.0,38.660000000178115
2022-12-08,88.93,,3018.0,38.660000000178115
2022-12-09,87.73,,3018.0,38.660000000178115
2022-12-12,89.81,,3018.0,38.660000000178115
2022-12-13,88.99,,3018.0,38.660000000178115
2022-12-14,86.19,,3018.0,38.660000000178115
2022-12-15,85.2,,3018.0,38.660000000178115
2022-12-16,83.68,,3018.0,38.660000000178115
2022-12-19,84.69,,3018.0,38.660000000178115
2022-12-20,86.87,,3018.0,38.660000000178115
2022-12-21,85.6,,3018.0,38.660000000178115
2022-12-22,86.85,,3018.0,38.660000000178115
2022-12-23,86.85,,3018.0,38.660000000178115
2022-12-27,86.08,,3018.0,38.660000000178115
2022-12-28,84.13,,3018.0,38.660000000178115
2022-12-29,82.36,,3018.0,38.660000000178115
2022-12-30,79.4,,3018.0,38.660000000178115
2023-01-02,83.67,,3018.0,38.660000000178115
2023-01-03,80.42,,3018.0,38.660000000178115
2023-01-04,75.4,,3018.0,38.660000000178115
2023-01-05,76.24,,3018.0,38.660000000178115
2023-01-06,75.55,,3018.0,38.660000000178115
2023-01-09,79.1,,3018.0,38.660000000178115
2023-01-10,78.38,,3018.0,38.660000000178115
2023-01-11,76.64,,3018.0,38.660000000178115
2023-01-12,77.76,,3018.0,38.660000000178115
2023-01-13,77.2,,3018.0,38.660000000178115
2023-01-16,75.07,,3018.0,38.660000000178115
2023-01-17,77.21,SELL,0.0,233058.44000000015
2023-01-18,81.42,,0.0,233058.44000000015
2023-01-19,81.86,,0.0,233058.44000000015
2023-01-20,82.6,,0.0,233058.44000000015
2023-01-23,81.8,,0.0,233058.44000000015
2023-01-24,79.62,,0.0,233058.44000000015
2023-01-25,82.28,,0.0,233058.44000000015
2023-01-26,86.81,,0.0,233058.44000000015
2023-01-27,86.94,,0.0,233058.44000000015
2023-01-30,87.21,,0.0,233058.44000000015
2023-01-31,90.13,,0.0,233058.44000000015
2023-02-01,92.65,,0.0,233058.44000000015
2023-02-02,90.65,,0.0,233058.44000000015
2023-02-03,90.9,,0.0,233058.44000000015
2023-02-06,87.96,,0.0,233058.44000000015
2023-02-07,87.9,,0.0,233058.44000000015
2023-02-08,87.59,BUY,2660.0,69.04000000012456
2023-02-09,88.49,,2660.0,69.04000000012456
2023-02-10,90.44,,2660.0,69.04000000012456
2023-02-13,89.35,,2660.0,69.04000000012456
2023-02-14,88.62,,2660.0,69.04000000012456
2023-02-15,91.51,,2660.0,69.04000000012456
2023-02-16,95.13,,2660.0,69.04000000012456
2023-02-17,93.33,,2660.0,69.04000000012456
2023-02-20,95.11,,2660.0,69.04000000012456
2023-02-21,97.12,,2660.0,69.04000000012456
2023-02-22,93.45,,2660.0,69.04000000012456
2023-02-23,93.84,,2660.0,69.04000000012456
2023-02-24,94.79,,2660.0,69.04000000012456
2023-02-27,96.9,,2660.0,69.04000000012456
2023-02-28,95.88,,2660.0,69.04000000012456
2023-03-01,93.8,,2660.0,69.04000000012456
2023-03-02,90.1,,2660.0,69.04000000012456
2023-03-03,89.27,,2660.0,69.04000000012456
2023-03-06,89.96,,2660.0,69.04000000012456
2023-03-07,92.87,,2660.0,69.04000000012456
2023-03-08,94.76,,2660.0,69.04000000012456
2023-03-09,95.4,,2660.0,69.04000000012456
2023-03-10,96.83,,2660.0,69.04000000012456
2023-03-13,92.99,,2660.0,69.04000000012456
2023-03-14,89.73,,2660.0,69.04000000012456
2023-03-15,86.65,,2660.0,69.04000000012456
2023-03-16,85.27,,2660.0,69.04000000012456
2023-03-17,85.57,,2660.0,69.04000000012456
2023-03-20,85.18,,2660.0,69.04000000012456
2023-03-21,87.38,,2660.0,69.04000000012456
2023-03-22,86.63,,2660.0,69.04000000012456
2023-03-23,90.18,,2660.0,69.04000000012456
2023-03-24,85.4,,2660.0,69.04000000012456
2023-03-27,88.13,,2660.0,69.04000000012456
2023-03-28,89.4,,2660.0,69.04000000012456
2023-03-29,90.02,SELL,0.0,239522.2400000001
2023-03-30,90.8,,0.0,239522.2400000001
2023-03-31,91.75,,0.0,239522.2400000001
2023-04-03,96.0,,0.0,239522.2400000001
2023-04-04,94.98,,0.0,239522.2400000001
2023-04-05,97.01,,0.0,239522.2400000001
2023-04-06,96.75,,0.0,239522.2400000001
2023-04-11,97.47,,0.0,239522.2400000001
2023-04-12,96.27,,0.0,239522.2400000001
2023-04-13,94.39,,0.0,239522.2400000001
2023-04-14,94.11,,0.0,239522.2400000001
2023-04-17,92.91,,0.0,239522.2400000001
2023-04-18,95.15,BUY,2517.0,29.69000000008964
2023-04-19,94.39,,2517.0,29.69000000008964
2023-04-20,91.74,,2517.0,29.69000000008964
2023-04-21,89.86,,2517.0,29.69000000008964
2023-04-24,88.56,,2517.0,29.69000000008964
2023-04-25,86.81,,2517.0,29.69000000008964
2023-04-26,86.24,,2517.0,29.69000000008964
2023-04-27,86.68,,2517.0,29.69000000008964
2023-04-28,87.65,,2517.0,29.69000000008964
2023-05-01,85.63,,2517.0,29.69000000008964
2023-05-02,88.52,,2517.0,29.69000000008964
2023-05-03,85.15,,2517.0,29.69000000008964
2023-05-04,84.5,SELL,0.0,212716.1900000001
2023-05-05,84.96,,0.0,212716.1900000001
2023-05-08,85.59,,0.0,212716.1900000001
2023-05-09,87.51,,0.0,212716.1900000001
2023-05-10,89.06,,0.0,212716.1900000001
2023-05-11,88.57,,0.0,212716.1900000001
2023-05-12,88.93,,0.0,212716.1900000001
2023-05-15,87.14,,0.0,212716.1900000001
2023-05-16,88.93,,0.0,212716.1900000001
2023-05-17,88.04,,0.0,212716.1900000001
2023-05-18,89.65,,0.0,212716.1900000001
2023-05-19,89.43,,0.0,212716.1900000001
2023-05-22,87.25,,0.0,212716.1900000001
2023-05-23,85.8,,0.0,212716.1900000001
2023-05-24,84.79,,0.0,212716.1900000001
2023-05-25,82.63,,0.0,212716.1900000001
2023-05-26,83.13,,0.0,212716.1900000001
2023-05-29,83.0,,0.0,212716.1900000001
2023-05-30,80.38,,0.0,212716.1900000001
2023-05-31,80.77,,0.0,212716.1900000001
2023-06-01,78.95,,0.0,212716.1900000001
2023-06-02,78.52,,0.0,212716.1900000001
2023-06-05,82.86,,0.0,212716.1900000001
2023-06-06,81.64,,0.0,212716.1900000001
2023-06-07,83.86,,0.0,212716.1900000001
2023-06-08,83.35,,0.0,212716.1900000001
2023-06-09,86.14,,0.0,212716.1900000001
2023-06-12,88.22,,0.0,212716.1900000001
2023-06-13,90.72,,0.0,212716.1900000001
2023-06-14,93.62,,0.0,212716.1900000001
2023-06-15,92.93,,0.0,212716.1900000001
2023-06-16,91.92,,0.0,212716.1900000001
2023-06-19,93.23,,0.0,212716.1900000001
2023-06-20,94.51,,0.0,212716.1900000001
2023-06-21,90.85,,0.0,212716.1900000001
2023-06-22,90.95,,0.0,212716.1900000001
2023-06-23,87.55,,0.0,212716.1900000001
2023-06-26,86.49,,0.0,212716.1900000001
2023-06-27,89.09,BUY,2387.0,58.36000000007334
2023-06-28,88.21,,2387.0,58.36000000007334
2023-06-29,88.13,,2387.0,58.36000000007334
2023-06-30,89.57,,2387.0,58.36000000007334
2023-07-03,87.58,,2387.0,58.36000000007334
2023-07-04,87.69,,2387.0,58.36000000007334
2023-07-05,85.81,,2387.0,58.36000000007334
2023-07-06,86.29,,2387.0,58.36000000007334
2023-07-07,86.15,,2387.0,58.36000000007334
2023-07-10,86.26,,2387.0,58.36000000007334
2023-07-11,87.05,,2387.0,58.36000000007334
2023-07-12,85.83,,2387.0,58.36000000007334
2023-07-13,85.88,,2387.0,58.36000000007334
2023-07-14,86.35,,2387.0,58.36000000007334
2023-07-17,86.78,,2387.0,58.36000000007334
2023-07-18,88.18,,2387.0,58.36000000007334
2023-07-19,88.98,,2387.0,58.36000000007334
2023-07-20,90.84,,2387.0,58.36000000007334
2023-07-21,91.82,,2387.0,58.36000000007334
2023-07-24,91.29,,2387.0,58.36000000007334
2023-07-25,92.34,,2387.0,58.36000000007334
2023-07-26,90.77,,2387.0,58.36000000007334
2023-07-27,90.92,,2387.0,58.36000000007334
2023-07-28,88.7,,2387.0,58.36000000007334
2023-07-31,86.81,,2387.0,58.36000000007334
2023-08-01,84.62,,2387.0,58.36000000007334
2023-08-02,83.2,,2387.0,58.36000000007334
2023-08-03,84.41,,2387.0,58.36000000007334
2023-08-04,83.41,,2387.0,58.36000000007334
2023-08-07,82.64,,2387.0,58.36000000007334
2023-08-08,83.97,,2387.0,58.36000000007334
2023-08-09,83.9,SELL,0.0,200327.6600000001
2023-08-10,84.55,,0.0,200327.6600000001
2023-08-11,86.8,,0.0,200327.6600000001
2023-08-14,87.95,,0.0,200327.6600000001
2023-08-15,86.87,,0.0,200327.6600000001
2023-08-16,88.58,,0.0,200327.6600000001
2023-08-17,88.85,,0.0,200327.6600000001
2023-08-18,88.05,,0.0,200327.6600000001
2023-08-21,87.85,,0.0,200327.6600000001
2023-08-22,90.01,,0.0,200327.6600000001
2023-08-23,88.0,,0.0,200327.6600000001
2023-08-24,85.21,,0.0,200327.6600000001
2023-08-25,85.25,,0.0,200327.6600000001
2023-08-28,85.6,,0.0,200327.6600000001
2023-08-29,85.0,,0.0,200327.6600000001
2023-08-30,86.0,,0.0,200327.6600000001
2023-08-31,86.03,,0.0,200327.6600000001
2023-09-01,85.64,,0.0,200327.6600000001
2023-09-04,84.08,,0.0,200327.6600000001
2023-09-05,83.91,,0.0,200327.6600000001
2023-09-06,83.7,,0.0,200327.6600000001
2023-09-07,83.29,,0.0,200327.6600000001
2023-09-08,81.62,,0.0,200327.6600000001
2023-09-11,81.73,,0.0,200327.6600000001
2023-09-12,81.12,,0.0,200327.6600000001
2023-09-13,83.76,,0.0,200327.6600000001
2023-09-14,82.93,,0.0,200327.6600000001
2023-09-15,82.1,,0.0,200327.6600000001
2023-09-18,80.88,,0.0,200327.6600000001
2023-09-19,81.3,,0.0,200327.6600000001
2023-09-20,82.76,,0.0,200327.6600000001
2023-09-21,84.43,,0.0,200327.6600000001
2023-09-22,85.3,,0.0,200327.6600000001
2023-09-25,84.89,,0.0,200327.6600000001
2023-09-26,82.51,,0.0,200327.6600000001
2023-09-27,81.86,,0.0,200327.6600000001
2023-09-28,83.11,,0.0,200327.6600000001
2023-09-29,81.45,,0.0,200327.6600000001
2023-10-02,80.7,,0.0,200327.6600000001
2023-10-03,79.8,,0.0,200327.6600000001
2023-10-04,81.82,,0.0,200327.6600000001
2023-10-05,80.86,,0.0,200327.6600000001
2023-10-06,80.62,,0.0,200327.6600000001
2023-10-09,81.63,,0.0,200327.6600000001
2023-10-10,84.74,,0.0,200327.6600000001
2023-10-11,83.78,,0.0,200327.6600000001
2023-10-12,85.45,,0.0,200327.6600000001
2023-10-13,85.66,,0.0,200327.6600000001
2023-10-16,83.41,,0.0,200327.6600000001
2023-10-17,82.65,,0.0,200327.6600000001
2023-10-18,81.79,,0.0,200327.6600000001
2023-10-19,82.0,,0.0,200327.6600000001
2023-10-20,81.67,,0.0,200327.6600000001
2023-10-23,80.3,,0.0,200327.6600000001
2023-10-24,80.66,,0.0,200327.6600000001
2023-10-25,79.93,,0.0,200327.6600000001
2023-10-26,79.58,,0.0,200327.6600000001
2023-10-27,79.36,,0.0,200327.6600000001
2023-10-30,78.78,,0.0,200327.6600000001
2023-10-31,79.41,,0.0,200327.6600000001
2023-11-01,78.66,,0.0,200327.6600000001
2023-11-02,79.06,,0.0,200327.6600000001
2023-11-03,77.2,,0.0,200327.6600000001
2023-11-06,75.88,,0.0,200327.6600000001
2023-11-07,75.36,,0.0,200327.6600000001
2023-11-08,75.4,,0.0,200327.6600000001
2023-11-09,77.3,,0.0,200327.6600000001
2023-11-10,78.5,,0.0,200327.6600000001
2023-11-13,77.04,,0.0,200327.6600000001
2023-11-14,78.57,,0.0,200327.6600000001
2023-11-15,79.8,,0.0,200327.6600000001
2023-11-16,77.2,,0.0,200327.6600000001
2023-11-17,76.23,,0.0,200327.6600000001
2023-11-20,76.66,,0.0,200327.6600000001
2023-11-21,75.21,,0.0,200327.6600000001
2023-11-22,75.1,,0.0,200327.6600000001
2023-11-23,76.57,,0.0,200327.6600000001
2023-11-24,76.46,,0.0,200327.6600000001
2023-11-27,73.07,,0.0,200327.6600000001
2023-11-28,72.5,,0.0,200327.6600000001
2023-11-29,70.78,,0.0,200327.6600000001
2023-11-30,70.56,,0.0,200327.6600000001
2023-12-01,72.45,,0.0,200327.6600000001
2023-12-04,70.43,,0.0,200327.6600000001
2023-12-05,68.91,,0.0,200327.6600000001
2023-12-06,68.96,,0.0,200327.6600000001
2023-12-07,69.97,,0.0,200327.6600000001
2023-12-08,68.62,,0.0,200327.6600000001
2023-12-11,67.34,,0.0,200327.6600000001
2023-12-12,68.24,,0.0,200327.6600000001
2023-12-13,68.88,,0.0,200327.6600000001
2023-12-14,66.73,,0.0,200327.6600000001
2023-12-15,67.57,,0.0,200327.6600000001
2023-12-18,69.61,,0.0,200327.6600000001
2023-12-19,69.76,,0.0,200327.6600000001
2023-12-20,73.2,,0.0,200327.6600000001
2023-12-21,75.88,,0.0,200327.6600000001
2023-12-22,76.94,,0.0,200327.6600000001
2023-12-27,77.74,,0.0,200327.6600000001
2023-12-28,77.94,,0.0,200327.6600000001
2023-12-29,77.98,,0.0,200327.6600000001
2024-01-02,74.09,,0.0,200327.6600000001
2024-01-03,75.42,,0.0,200327.6600000001
2024-01-04,73.78,,0.0,200327.6600000001
2024-01-05,73.97,,0.0,200327.6600000001
2024-01-08,69.96,,0.0,200327.6600000001
2024-01-09,69.9,,0.0,200327.6600000001
2024-01-10,67.72,,0.0,200327.6600000001
2024-01-11,65.96,,0.0,200327.6600000001
2024-01-12,63.8,,0.0,200327.6600000001
2024-01-15,66.9,,0.0,200327.6600000001
2024-01-16,65.49,,0.0,200327.6600000001
2024-01-17,63.31,,0.0,200327.6600000001
2024-01-18,63.28,,0.0,200327.6600000001
2024-01-19,63.42,,0.0,200327.6600000001
2024-01-22,62.41,,0.0,200327.6600000001
2024-01-23,63.27,,0.0,200327.6600000001
2024-01-24,65.8,,0.0,200327.6600000001
2024-01-25,63.41,,0.0,200327.6600000001
2024-01-26,63.1,,0.0,200327.6600000001
2024-01-29,61.77,,0.0,200327.6600000001
2024-01-30,64.02,,0.0,200327.6600000001
2024-01-31,64.4,,0.0,200327.6600000001
2024-02-01,62.32,,0.0,200327.6600000001
2024-02-02,63.5,,0.0,200327.6600000001
2024-02-05,62.59,,0.0,200327.6600000001
2024-02-06,63.49,,0.0,200327.6600000001
2024-02-07,62.32,,0.0,200327.6600000001
2024-02-08,60.71,,0.0,200327.6600000001
2024-02-09,58.8,,0.0,200327.6600000001
2024-02-12,57.2,,0.0,200327.6600000001
2024-02-13,56.65,,0.0,200327.6600000001
2024-02-14,56.44,,0.0,200327.6600000001
2024-02-15,57.95,,0.0,200327.6600000001
2024-02-16,57.11,,0.0,200327.6600000001
2024-02-19,53.14,,0.0,200327.6600000001
2024-02-20,54.21,,0.0,200327.6600000001
2024-02-21,54.51,,0.0,200327.6600000001
2024-02-22,52.59,,0.0,200327.6600000001
2024-02-23,52.51,,0.0,200327.6600000001
2024-02-26,53.83,,0.0,200327.6600000001
2024-02-27,55.96,,0.0,200327.6600000001
2024-02-28,57.21,,0.0,200327.6600000001
2024-02-29,56.44,,0.0,200327.6600000001
2024-03-01,56.31,,0.0,200327.6600000001
2024-03-04,57.28,,0.0,200327.6600000001
2024-03-05,60.0,,0.0,200327.6600000001
2024-03-06,58.79,,0.0,200327.6600000001
2024-03-07,59.44,,0.0,200327.6600000001
2024-03-08,58.5,,0.0,200327.6600000001
2024-03-11,56.13,,0.0,200327.6600000001
2024-03-12,57.0,,0.0,200327.6600000001
2024-03-13,55.87,,0.0,200327.6600000001
2024-03-14,58.8,,0.0,200327.6600000001
2024-03-15,59.38,,0.0,200327.6600000001
2024-03-18,61.42,,0.0,200327.6600000001
2024-03-19,61.31,,0.0,200327.6600000001
2024-03-20,60.01,,0.0,200327.6600000001
2024-03-21,59.37,,0.0,200327.6600000001
2024-03-22,61.5,,0.0,200327.6600000001
2024-03-25,64.84,,0.0,200327.6600000001
2024-03-26,63.0,,0.0,200327.6600000001
2024-03-27,62.61,,0.0,200327.6600000001
2024-03-28,61.93,BUY,3234.0,46.04000000009546
2024-04-02,58.9,,3234.0,46.04000000009546
2024-04-03,57.55,,3234.0,46.04000000009546
2024-04-04,58.39,,3234.0,46.04000000009546
2024-04-05,61.01,,3234.0,46.04000000009546
2024-04-08,63.39,,3234.0,46.04000000009546
2024-04-09,63.96,,3234.0,46.04000000009546
2024-04-10,62.85,,3234.0,46.04000000009546
2024-04-11,68.83,,3234.0,46.04000000009546
2024-04-12,71.64,,3234.0,46.04000000009546
2024-04-15,70.16,,3234.0,46.04000000009546
2024-04-16,74.25,,3234.0,46.04000000009546
2024-04-17,70.33,,3234.0,46.04000000009546
2024-04-18,71.55,,3234.0,46.04000000009546
2024-04-19,68.52,,3234.0,46.04000000009546
2024-04-22,66.4,,3234.0,46.04000000009546
2024-04-23,66.38,,3234.0,46.04000000009546
2024-04-24,66.85,,3234.0,46.04000000009546
2024-04-25,68.41,,3234.0,46.04000000009546
2024-04-26,67.51,,3234.0,46.04000000009546
2024-04-29,65.8,,3234.0,46.04000000009546
2024-04-30,69.2,,3234.0,46.04000000009546
2024-05-01,67.91,,3234.0,46.04000000009546
2024-05-02,72.69,,3234.0,46.04000000009546
2024-05-03,71.84,,3234.0,46.04000000009546
2024-05-06,73.67,,3234.0,46.04000000009546
2024-05-07,70.85,,3234.0,46.04000000009546
2024-05-08,71.92,,3234.0,46.04000000009546
2024-05-09,73.62,,3234.0,46.04000000009546
2024-05-10,71.59,,3234.0,46.04000000009546
2024-05-13,70.07,,3234.0,46.04000000009546
2024-05-14,70.1,,3234.0,46.04000000009546
2024-05-15,69.19,,3234.0,46.04000000009546
2024-05-16,70.79,,3234.0,46.04000000009546
2024-05-17,70.52,,3234.0,46.04000000009546
2024-05-20,74.24,,3234.0,46.04000000009546
2024-05-21,76.2,,3234.0,46.04000000009546
2024-05-22,76.67,,3234.0,46.04000000009546
2024-05-23,76.1,,3234.0,46.04000000009546
2024-05-24,75.78,,3234.0,46.04000000009546
2024-05-27,76.51,,3234.0,46.04000000009546
2024-05-28,74.6,,3234.0,46.04000000009546
2024-05-29,73.95,,3234.0,46.04000000009546
2024-05-30,75.2,,3234.0,46.04000000009546
2024-05-31,74.07,,3234.0,46.04000000009546
2024-06-03,74.63,,3234.0,46.04000000009546
2024-06-04,72.58,,3234.0,46.04000000009546
2024-06-05,72.0,,3234.0,46.04000000009546
2024-06-06,71.53,,3234.0,46.04000000009546
2024-06-07,71.42,,3234.0,46.04000000009546
2024-06-10,70.91,,3234.0,46.04000000009546
2024-06-11,70.41,,3234.0,46.04000000009546
2024-06-12,70.3,,3234.0,46.04000000009546
2024-06-13,70.87,,3234.0,46.04000000009546
2024-06-14,68.53,,3234.0,46.04000000009546
2024-06-17,68.16,,3234.0,46.04000000009546
2024-06-18,68.38,,3234.0,46.04000000009546
2024-06-19,70.74,,3234.0,46.04000000009546
2024-06-20,69.19,,3234.0,46.04000000009546
2024-06-21,68.05,,3234.0,46.04000000009546
2024-06-24,67.56,SELL,0.0,218535.0800000001
2024-06-25,67.8,,0.0,218535.0800000001
2024-06-26,67.23,,0.0,218535.0800000001
2024-06-27,66.49,,0.0,218535.0800000001
2024-06-28,67.36,,0.0,218535.0800000001
2024-07-01,68.33,,0.0,218535.0800000001
2024-07-02,70.93,,0.0,218535.0800000001
2024-07-03,70.91,,0.0,218535.0800000001
2024-07-04,70.18,,0.0,218535.0800000001
2024-07-05,70.35,,0.0,218535.0800000001
2024-07-08,69.04,,0.0,218535.0800000001
2024-07-09,68.52,,0.0,218535.0800000001
2024-07-10,67.96,,0.0,218535.0800000001
2024-07-11,68.52,,0.0,218535.0800000001
2024-07-12,69.35,,0.0,218535.0800000001
2024-07-15,67.58,,0.0,218535.0800000001
2024-07-16,67.94,,0.0,218535.0800000001
2024-07-17,66.42,,0.0,218535.0800000001
2024-07-18,66.11,,0.0,218535.0800000001
2024-07-19,66.0,,0.0,218535.0800000001
2024-07-22,64.79,,0.0,218535.0800000001
2024-07-23,65.79,,0.0,218535.0800000001
2024-07-24,68.9,,0.0,218535.0800000001
2024-07-25,67.08,,0.0,218535.0800000001
2024-07-26,67.71,,0.0,218535.0800000001
2024-07-29,68.78,,0.0,218535.0800000001
2024-07-30,68.58,,0.0,218535.0800000001
2024-07-31,69.24,,0.0,218535.0800000001
2024-08-01,71.17,,0.0,218535.0800000001
2024-08-02,70.44,,0.0,218535.0800000001
2024-08-05,68.86,,0.0,218535.0800000001
2024-08-06,69.92,,0.0,218535.0800000001
2024-08-07,70.57,,0.0,218535.0800000001
2024-08-08,71.06,,0.0,218535.0800000001
2024-08-09,70.14,,0.0,218535.0800000001
2024-08-12,72.65,,0.0,218535.0800000001
2024-08-13,71.29,,0.0,218535.0800000001
2024-08-14,71.87,BUY,3040.0,50.28000000008615
2024-08-15,72.11,,3040.0,50.28000000008615
2024-08-16,72.52,,3040.0,50.28000000008615
2024-08-19,73.14,,3040.0,50.28000000008615
2024-08-20,73.07,,3040.0,50.28000000008615
2024-08-21,72.14,,3040.0,50.28000000008615
2024-08-22,71.57,,3040.0,50.28000000008615
2024-08-23,71.13,,3040.0,50.28000000008615
2024-09-23,64.1,,3040.0,50.28000000008615
2024-09-24,63.87,,3040.0,50.28000000008615
2024-09-25,65.24,,3040.0,50.28000000008615
2024-09-26,66.52,,3040.0,50.28000000008615
2024-09-27,66.33,,3040.0,50.28000000008615
2024-09-30,65.56,,3040.0,50.28000000008615
2024-10-01,63.61,,3040.0,50.28000000008615
2024-10-02,62.6,,3040.0,50.28000000008615
2024-10-03,62.76,SELL,0.0,190840.68000000008
2024-10-04,62.05,,0.0,190840.68000000008
2024-10-07,61.76,,0.0,190840.68000000008
2024-10-08,60.29,,0.0,190840.68000000008
2024-10-09,62.01,,0.0,190840.68000000008
2024-10-10,65.0,,0.0,190840.68000000008
2024-10-11,64.62,,0.0,190840.68000000008
2024-10-14,65.97,,0.0,190840.68000000008
2024-10-15,65.09,,0.0,190840.68000000008
2024-10-16,63.03,,0.0,190840.68000000008
2024-10-17,62.98,,0.0,190840.68000000008
2024-10-18,62.28,,0.0,190840.68000000008
2024-10-21,61.76,,0.0,190840.68000000008
2024-10-22,62.25,,0.0,190840.68000000008
2024-10-23,64.89,,0.0,190840.68000000008
2024-10-24,66.63,,0.0,190840.68000000008
2024-10-25,66.97,,0.0,190840.68000000008
2024-10-28,66.4,,0.0,190840.68000000008
2024-10-29,67.28,,0.0,190840.68000000008
2024-10-30,65.47,,0.0,190840.68000000008
2024-10-31,64.58,,0.0,190840.68000000008
2024-11-01,63.87,,0.0,190840.68000000008
2024-11-04,64.09,,0.0,190840.68000000008
2024-11-05,65.46,,0.0,190840.68000000008
2024-11-06,64.0,,0.0,190840.68000000008
2024-11-07,63.78,,0.0,190840.68000000008
2024-11-08,66.25,,0.0,190840.68000000008
2024-11-11,67.27,,0.0,190840.68000000008
2024-11-12,67.5,,0.0,190840.68000000008
2024-11-13,67.12,,0.0,190840.68000000008
2024-11-14,66.72,,0.0,190840.68000000008
2024-11-15,68.25,,0.0,190840.68000000008
2024-11-18,67.28,,0.0,190840.68000000008
2024-11-19,69.47,BUY,2747.0,6.590000000083819
2024-11-20,68.02,,2747.0,6.590000000083819
2024-11-21,68.46,,2747.0,6.590000000083819
2024-11-22,70.49,,2747.0,6.590000000083819
2025-01-02,74.85,,2747.0,6.590000000083819
2025-01-03,76.17,,2747.0,6.590000000083819
2025-01-06,74.24,,2747.0,6.590000000083819
2025-01-07,74.15,,2747.0,6.590000000083819
2025-01-08,72.28,,2747.0,6.590000000083819
2025-01-09,73.49,,2747.0,6.590000000083819
2025-01-10,74.77,,2747.0,6.590000000083819
2025-01-13,76.85,,2747.0,6.590000000083819
2025-01-14,77.13,,2747.0,6.590000000083819
2025-01-15,78.42,,2747.0,6.590000000083819
2025-01-16,78.2,,2747.0,6.590000000083819
2025-01-17,79.72,,2747.0,6.590000000083819
2025-01-20,80.0,,2747.0,6.590000000083819
2025-01-21,79.83,,2747.0,6.590000000083819
2025-01-22,79.16,,2747.0,6.590000000083819
2025-01-23,80.8,,2747.0,6.590000000083819
2025-01-24,81.66,,2747.0,6.590000000083819
2025-01-27,79.25,,2747.0,6.590000000083819
2025-01-28,80.41,,2747.0,6.590000000083819
2025-01-29,83.61,,2747.0,6.590000000083819
2025-01-30,82.6,,2747.0,6.590000000083819
2025-01-31,83.79,,2747.0,6.590000000083819
2025-02-03,81.32,,2747.0,6.590000000083819
2025-02-04,80.79,,2747.0,6.590000000083819
2025-02-05,81.0,,2747.0,6.590000000083819
2025-02-06,81.82,,2747.0,6.590000000083819
2025-02-07,82.31,,2747.0,6.590000000083819
2025-02-10,82.96,,2747.0,6.590000000083819
2025-02-11,81.95,,2747.0,6.590000000083819
2025-02-12,80.86,,2747.0,6.590000000083819
2025-02-13,78.03,,2747.0,6.590000000083819
2025-02-14,79.85,,2747.0,6.590000000083819
2025-02-17,76.9,,2747.0,6.590000000083819
2025-02-18,75.71,,2747.0,6.590000000083819
2025-02-19,73.63,,2747.0,6.590000000083819
2025-02-20,72.42,,2747.0,6.590000000083819
2025-02-21,73.7,,2747.0,6.590000000083819
2025-02-24,73.84,,2747.0,6.590000000083819
2025-02-25,71.74,,2747.0,6.590000000083819
2025-02-26,71.37,,2747.0,6.590000000083819
2025-02-27,73.01,,2747.0,6.590000000083819
2025-02-28,71.15,,2747.0,6.590000000083819
2025-03-03,71.53,,2747.0,6.590000000083819
2025-03-04,68.43,SELL,0.0,187983.8000000001
2025-03-05,68.27,,0.0,187983.8000000001
2025-03-06,67.13,,0.0,187983.8000000001
2025-03-07,68.2,,0.0,187983.8000000001
2025-03-10,69.01,,0.0,187983.8000000001
2025-03-11,68.36,,0.0,187983.8000000001
2025-03-12,69.19,,0.0,187983.8000000001
2025-03-13,70.3,,0.0,187983.8000000001
2025-03-14,70.85,,0.0,187983.8000000001
2025-03-17,70.13,,0.0,187983.8000000001
2025-03-18,71.11,,0.0,187983.8000000001
2025-03-19,74.0,,0.0,187983.8000000001
2025-03-20,72.94,,0.0,187983.8000000001
2025-03-21,71.22,,0.0,187983.8000000001
2025-03-24,71.44,,0.0,187983.8000000001
2025-03-25,70.29,,0.0,187983.8000000001
2025-03-26,70.68,,0.0,187983.8000000001
2025-03-27,68.16,,0.0,187983.8000000001
2025-03-28,68.72,,0.0,187983.8000000001
2025-03-31,68.1,,0.0,187983.8000000001
2025-04-01,70.06,,0.0,187983.8000000001
2025-04-02,68.51,,0.0,187983.8000000001
2025-04-03,66.41,,0.0,187983.8000000001
2025-04-04,63.95,,0.0,187983.8000000001
2025-04-07,62.34,,0.0,187983.8000000001
2025-04-08,62.71,,0.0,187983.8000000001
2025-04-09,60.98,,0.0,187983.8000000001
2025-04-10,62.12,,0.0,187983.8000000001
2025-04-11,65.06,,0.0,187983.8000000001
